date,specialty,total_appointments,avg_temp,avg_rain,rainy_day_before,pct_elderly,pct_hypertension,pct_diabetes,pct_sms,specialty_encoded,day_of_week,month,year,is_weekend,lag_1,lag_7,lag_14
2020-01-15,psychotherapy,4,19.4,0.155,1,0.0,0.0,0.0,0.5,4,2,1,2020,0,2.0,10.0,7.0
2020-01-16,psychotherapy,3,21.336666666666662,0.04666666666666667,1,0.0,0.0,0.0,0.6666666666666666,4,3,1,2020,0,4.0,4.0,12.0
2020-01-17,physiotherapy,5,18.76,0.13,1,0.0,0.0,0.0,0.2,3,4,1,2020,0,2.0,2.0,6.0
2020-01-17,speech therapy,3,22.22666666666667,0.5366666666666667,1,0.0,0.0,0.0,0.0,5,4,1,2020,0,4.0,4.0,6.0
2020-01-17,psychotherapy,6,20.243333333333336,0.48500000000000004,1,0.0,0.0,0.0,0.16666666666666666,4,4,1,2020,0,3.0,13.0,3.0
2020-01-20,psychotherapy,4,20.765,0.7075,1,0.0,0.0,0.0,0.25,4,0,1,2020,0,2.0,1.0,3.0
2020-01-20,speech therapy,1,18.01,0.0,1,0.0,0.0,0.0,0.0,5,0,1,2020,0,4.0,1.0,4.0
2020-01-21,psychotherapy,1,15.74,0.06,1,0.0,0.0,0.0,0.0,4,1,1,2020,0,4.0,1.0,1.0
2020-01-21,physiotherapy,2,21.45,0.085,1,0.5,0.5,0.0,0.0,3,1,1,2020,0,4.0,4.0,5.0
2020-01-21,speech therapy,1,23.75,0.04,1,0.0,0.0,0.0,0.0,5,1,1,2020,0,1.0,3.0,1.0
2020-01-22,speech therapy,1,20.08,0.0,1,0.0,0.0,0.0,1.0,5,2,1,2020,0,1.0,3.0,2.0
2020-01-22,physiotherapy,3,18.626666666666665,0.37333333333333335,1,0.0,0.0,0.0,0.0,3,2,1,2020,0,2.0,1.0,3.0
2020-01-22,psychotherapy,4,19.435,0.15500000000000003,1,0.0,0.0,0.0,0.25,4,2,1,2020,0,1.0,2.0,2.0
2020-01-23,speech therapy,2,17.045,0.0,1,0.0,0.0,0.0,0.0,5,3,1,2020,0,1.0,1.0,8.0
2020-01-23,physiotherapy,4,18.96,0.015,1,0.0,0.0,0.0,0.5,3,3,1,2020,0,3.0,2.0,2.0
2020-01-23,occupational therapy,2,12.815000000000001,0.005,1,0.0,0.0,0.0,0.0,1,3,1,2020,0,4.0,2.0,3.0
2020-01-23,psychotherapy,2,17.005000000000003,0.245,1,0.5,0.0,0.0,0.5,4,3,1,2020,0,4.0,4.0,10.0
2020-01-24,speech therapy,4,18.34,0.0525,1,0.25,0.0,0.0,0.25,5,4,1,2020,0,2.0,4.0,5.0
2020-01-24,physiotherapy,2,22.525,0.005,1,0.0,0.0,0.0,0.0,3,4,1,2020,0,4.0,4.0,1.0
2020-01-24,occupational therapy,1,23.33,0.13,1,0.0,0.0,0.0,0.0,1,4,1,2020,0,2.0,3.0,4.0
2020-01-24,psychotherapy,1,16.67,0.0,1,0.0,0.0,0.0,1.0,4,4,1,2020,0,2.0,3.0,4.0
2020-01-27,physiotherapy,2,18.94,0.0,1,0.0,0.0,0.0,0.5,3,0,1,2020,0,1.0,4.0,6.0
2020-01-27,psychotherapy,5,18.746000000000002,0.052000000000000005,1,0.0,0.0,0.0,0.0,4,0,1,2020,0,6.0,4.0,1.0
2020-01-27,occupational therapy,3,18.326666666666668,0.6933333333333334,1,0.0,0.3333333333333333,0.0,0.6666666666666666,1,0,1,2020,0,3.0,4.0,2.0
2020-01-27,speech therapy,5,22.172,0.026000000000000002,1,0.4,0.0,0.2,0.6,5,0,1,2020,0,5.0,1.0,1.0
2020-01-28,physiotherapy,3,19.82,0.03333333333333333,1,0.0,0.0,0.0,0.0,3,1,1,2020,0,2.0,2.0,4.0
2020-01-28,speech therapy,7,17.59857142857143,0.042857142857142864,1,0.14285714285714285,0.0,0.0,0.42857142857142855,5,1,1,2020,0,5.0,1.0,3.0
2020-01-28,psychotherapy,4,17.95,0.057499999999999996,1,0.0,0.0,0.0,0.5,4,1,1,2020,0,5.0,1.0,1.0
2020-01-29,speech therapy,15,18.575333333333333,0.14266666666666666,1,0.13333333333333333,0.06666666666666667,0.0,0.26666666666666666,5,2,1,2020,0,7.0,1.0,3.0
2020-01-29,physiotherapy,18,21.34277777777778,0.0961111111111111,1,0.1111111111111111,0.0,0.0,0.4444444444444444,3,2,1,2020,0,3.0,3.0,1.0
2020-01-29,occupational therapy,3,16.426666666666666,0.09666666666666668,1,0.0,0.0,0.0,0.0,1,2,1,2020,0,3.0,1.0,1.0
2020-01-29,psychotherapy,26,20.653846153846153,0.1973076923076923,1,0.038461538461538464,0.0,0.0,0.23076923076923078,4,2,1,2020,0,4.0,4.0,2.0
2020-01-30,speech therapy,31,20.19741935483871,0.17838709677419357,1,0.0,0.12903225806451613,0.0,0.1935483870967742,5,3,1,2020,0,15.0,2.0,1.0
2020-01-30,occupational therapy,21,19.85047619047619,0.11476190476190477,1,0.047619047619047616,0.047619047619047616,0.0,0.3333333333333333,1,3,1,2020,0,3.0,4.0,5.0
2020-01-30,psychotherapy,41,20.261219512195122,0.2497560975609756,1,0.04878048780487805,0.04878048780487805,0.0,0.34146341463414637,4,3,1,2020,0,26.0,2.0,4.0
2020-01-30,physiotherapy,24,20.027916666666666,0.31625,1,0.125,0.08333333333333333,0.041666666666666664,0.25,3,3,1,2020,0,18.0,4.0,2.0
2020-01-31,speech therapy,14,21.08857142857143,0.065,1,0.07142857142857142,0.07142857142857142,0.14285714285714285,0.21428571428571427,5,4,1,2020,0,31.0,4.0,4.0
2020-01-31,occupational therapy,9,20.667777777777776,0.21333333333333335,1,0.2222222222222222,0.1111111111111111,0.1111111111111111,0.4444444444444444,1,4,1,2020,0,21.0,2.0,2.0
2020-01-31,psychotherapy,27,19.85333333333333,0.31296296296296294,1,0.0,0.0,0.0,0.37037037037037035,4,4,1,2020,0,41.0,1.0,3.0
2020-01-31,physiotherapy,18,19.882777777777775,0.23944444444444443,1,0.1111111111111111,0.05555555555555555,0.05555555555555555,0.3888888888888889,3,4,1,2020,0,24.0,2.0,4.0
2020-02-03,speech therapy,2,16.345,0.035,1,0.0,0.0,0.0,0.5,5,0,2,2020,0,25.0,5.0,1.0
2020-02-04,physiotherapy,82,19.350853658536586,0.13304878048780489,1,0.13414634146341464,0.0975609756097561,0.036585365853658534,0.35365853658536583,3,1,2,2020,0,24.0,2.0,4.0
2020-02-04,speech therapy,90,19.947111111111113,0.09399999999999999,1,0.044444444444444446,0.03333333333333333,0.011111111111111112,0.34444444444444444,5,1,2,2020,0,2.0,7.0,1.0
2020-02-04,occupational therapy,45,20.792666666666666,0.09555555555555555,1,0.044444444444444446,0.06666666666666667,0.022222222222222223,0.3333333333333333,1,1,2,2020,0,16.0,3.0,5.0
2020-02-04,pedagogo,14,19.209285714285716,0.195,1,0.0,0.0,0.0,0.35714285714285715,2,1,2,2020,0,9.0,1.0,3.0
2020-02-04,psychotherapy,90,20.27611111111111,0.11755555555555555,1,0.03333333333333333,0.06666666666666667,0.011111111111111112,0.2777777777777778,4,1,2,2020,0,33.0,5.0,4.0
2020-02-05,physiotherapy,112,19.5975,0.18598214285714285,1,0.125,0.09821428571428571,0.03571428571428571,0.3482142857142857,3,2,2,2020,0,82.0,3.0,2.0
2020-02-05,pedagogo,11,21.796363636363637,0.11999999999999998,1,0.0,0.18181818181818182,0.0,0.36363636363636365,2,2,2,2020,0,14.0,1.0,1.0
2020-02-05,psychotherapy,155,20.128258064516128,0.19638709677419355,1,0.04516129032258064,0.03225806451612903,0.03870967741935484,0.25806451612903225,4,2,2,2020,0,90.0,4.0,1.0
2020-02-05,speech therapy,111,20.251531531531533,0.1693693693693694,1,0.06306306306306306,0.05405405405405406,0.02702702702702703,0.2882882882882883,5,2,2,2020,0,90.0,15.0,1.0
2020-02-05,occupational therapy,61,19.79770491803279,0.21114754098360658,1,0.04918032786885246,0.06557377049180328,0.03278688524590164,0.26229508196721313,1,2,2,2020,0,45.0,3.0,4.0
2020-02-06,physiotherapy,74,19.81756756756757,0.17770270270270272,1,0.16216216216216217,0.13513513513513514,0.05405405405405406,0.3783783783783784,3,3,2,2020,0,112.0,18.0,3.0
2020-02-06,speech therapy,81,19.945185185185185,0.23950617283950615,1,0.024691358024691357,0.012345679012345678,0.0,0.37037037037037035,5,3,2,2020,0,111.0,31.0,2.0
2020-02-06,enf,7,21.512857142857143,0.025714285714285714,1,0.5714285714285714,0.14285714285714285,0.14285714285714285,0.0,0,3,2,2020,0,4.0,3.0,1.0
2020-02-06,pedagogo,15,19.756666666666668,0.336,1,0.0,0.0,0.0,0.26666666666666666,2,3,2,2020,0,11.0,4.0,2.0
2020-02-06,occupational therapy,43,20.163023255813954,0.1525581395348837,1,0.046511627906976744,0.023255813953488372,0.023255813953488372,0.27906976744186046,1,3,2,2020,0,61.0,3.0,1.0
2020-02-06,psychotherapy,93,20.288279569892474,0.1310752688172043,1,0.021505376344086023,0.043010752688172046,0.021505376344086023,0.26881720430107525,4,3,2,2020,0,155.0,26.0,4.0
2020-02-07,pedagogo,16,21.53125,0.285625,1,0.0,0.0,0.0,0.25,2,4,2,2020,0,15.0,1.0,1.0
2020-02-07,psychotherapy,131,20.283816793893127,0.22343511450381678,1,0.05343511450381679,0.04580152671755725,0.022900763358778626,0.2824427480916031,4,4,2,2020,0,93.0,41.0,2.0
2020-02-07,speech therapy,98,20.565204081632654,0.17816326530612245,1,0.04081632653061224,0.030612244897959183,0.02040816326530612,0.32653061224489793,5,4,2,2020,0,81.0,14.0,4.0
2020-02-07,physiotherapy,85,19.883529411764705,0.17929411764705883,1,0.1411764705882353,0.12941176470588237,0.07058823529411765,0.38823529411764707,3,4,2,2020,0,74.0,24.0,4.0
2020-02-07,enf,6,20.856666666666666,0.17,1,0.5,0.0,0.3333333333333333,0.3333333333333333,0,4,2,2020,0,7.0,2.0,1.0
2020-02-07,occupational therapy,36,19.221944444444446,0.20333333333333334,1,0.08333333333333333,0.05555555555555555,0.0,0.3333333333333333,1,4,2,2020,0,43.0,21.0,4.0
2020-02-10,psychotherapy,1,19.78,0.0,1,0.0,0.0,0.0,0.0,4,0,2,2020,0,1.0,33.0,6.0
2020-02-11,pedagogo,23,20.921304347826087,0.24173913043478262,1,0.0,0.0,0.0,0.2608695652173913,2,1,2,2020,0,28.0,5.0,2.0
2020-02-11,psychotherapy,110,19.919454545454546,0.1769090909090909,1,0.01818181818181818,0.02727272727272727,0.02727272727272727,0.3,4,1,2,2020,0,1.0,90.0,5.0
2020-02-11,physiotherapy,84,19.6475,0.15333333333333332,1,0.13095238095238096,0.09523809523809523,0.07142857142857142,0.35714285714285715,3,1,2,2020,0,1.0,24.0,1.0
2020-02-11,enf,5,20.387999999999998,0.032,1,0.4,0.6,0.0,0.0,0,1,2,2020,0,12.0,1.0,2.0
2020-02-11,occupational therapy,41,21.216341463414633,0.11853658536585367,1,0.04878048780487805,0.0975609756097561,0.024390243902439025,0.3170731707317073,1,1,2,2020,0,1.0,16.0,1.0
2020-02-11,speech therapy,105,20.21838095238095,0.16152380952380954,1,0.05714285714285714,0.05714285714285714,0.009523809523809525,0.34285714285714286,5,1,2,2020,0,141.0,25.0,5.0
2020-02-12,psychotherapy,146,19.658424657534248,0.18075342465753425,1,0.0410958904109589,0.02054794520547945,0.00684931506849315,0.3698630136986301,4,2,2,2020,0,110.0,155.0,4.0
2020-02-12,physiotherapy,110,20.271545454545453,0.14627272727272728,1,0.16363636363636364,0.07272727272727272,0.03636363636363636,0.2727272727272727,3,2,2,2020,0,84.0,82.0,2.0
2020-02-12,occupational therapy,66,19.934242424242427,0.16075757575757574,1,0.07575757575757576,0.045454545454545456,0.015151515151515152,0.3484848484848485,1,2,2,2020,0,41.0,45.0,3.0
2020-02-12,pedagogo,18,19.860555555555557,0.12444444444444445,1,0.0,0.0,0.0,0.2222222222222222,2,2,2,2020,0,23.0,9.0,1.0
2020-02-12,enf,9,19.90222222222222,0.08333333333333333,1,0.4444444444444444,0.1111111111111111,0.1111111111111111,0.3333333333333333,0,2,2,2020,0,5.0,4.0,1.0
2020-02-12,speech therapy,113,20.6141592920354,0.24575221238938053,1,0.07964601769911504,0.04424778761061947,0.02654867256637168,0.2743362831858407,5,2,2,2020,0,105.0,2.0,5.0
2020-02-13,psychotherapy,117,20.304017094017095,0.18222222222222223,1,0.042735042735042736,0.02564102564102564,0.017094017094017096,0.3504273504273504,4,3,2,2020,0,146.0,93.0,26.0
2020-02-13,occupational therapy,41,19.189268292682925,0.2690243902439024,1,0.024390243902439025,0.04878048780487805,0.0,0.34146341463414637,1,3,2,2020,0,66.0,61.0,3.0
2020-02-13,enf,7,19.611428571428572,0.5114285714285713,1,0.42857142857142855,0.2857142857142857,0.14285714285714285,0.42857142857142855,0,3,2,2020,0,9.0,5.0,2.0
2020-02-13,pedagogo,16,20.2525,0.1625,1,0.0,0.0,0.0,0.25,2,3,2,2020,0,18.0,14.0,1.0
2020-02-13,physiotherapy,87,20.219885057471267,0.15586206896551724,1,0.13793103448275862,0.13793103448275862,0.04597701149425287,0.28735632183908044,3,3,2,2020,0,110.0,112.0,3.0
2020-02-13,speech therapy,85,20.02929411764706,0.13541176470588234,1,0.03529411764705882,0.07058823529411765,0.0,0.3058823529411765,5,3,2,2020,0,113.0,90.0,7.0
2020-02-14,pedagogo,9,20.913333333333334,0.2777777777777778,1,0.0,0.0,0.0,0.3333333333333333,2,4,2,2020,0,16.0,11.0,1.0
2020-02-14,speech therapy,117,20.636068376068376,0.12692307692307692,1,0.08547008547008547,0.08547008547008547,0.008547008547008548,0.3333333333333333,5,4,2,2020,0,85.0,111.0,15.0
2020-02-14,occupational therapy,56,20.101607142857144,0.19482142857142856,1,0.0,0.0,0.017857142857142856,0.39285714285714285,1,4,2,2020,0,41.0,43.0,3.0
2020-02-14,psychotherapy,137,20.54693430656934,0.17686131386861315,1,0.021897810218978103,0.029197080291970802,0.0,0.3284671532846715,4,4,2,2020,0,117.0,131.0,41.0
2020-02-14,physiotherapy,105,20.510666666666665,0.12,1,0.14285714285714285,0.09523809523809523,0.0380952380952381,0.3238095238095238,3,4,2,2020,0,87.0,74.0,18.0
2020-02-14,enf,8,20.51625,0.1675,1,0.0,0.0,0.0,0.25,0,4,2,2020,0,7.0,4.0,1.0
2020-02-17,enf,6,23.08,0.61,1,0.16666666666666666,0.0,0.0,0.16666666666666666,0,0,2,2020,0,11.0,6.0,2.0
2020-02-17,physiotherapy,85,20.48341176470588,0.18011764705882355,1,0.11764705882352941,0.058823529411764705,0.011764705882352941,0.4,3,0,2,2020,0,2.0,1.0,23.0
2020-02-17,pedagogo,7,19.142857142857142,0.44,1,0.0,0.14285714285714285,0.0,0.2857142857142857,2,0,2,2020,0,16.0,16.0,1.0
2020-02-17,occupational therapy,33,20.623636363636365,0.13333333333333333,1,0.12121212121212122,0.06060606060606061,0.0,0.24242424242424243,1,0,2,2020,0,1.0,1.0,10.0
2020-02-17,speech therapy,78,20.65128205128205,0.13897435897435897,1,0.02564102564102564,0.0,0.02564102564102564,0.32051282051282054,5,0,2,2020,0,1.0,141.0,22.0
2020-02-17,psychotherapy,100,19.631600000000002,0.20620000000000002,1,0.03,0.03,0.01,0.27,4,0,2,2020,0,1.0,1.0,33.0
2020-02-18,enf,10,20.938,0.207,1,0.4,0.5,0.1,0.3,0,1,2,2020,0,6.0,12.0,2.0
2020-02-18,speech therapy,42,20.01047619047619,0.1911904761904762,1,0.11904761904761904,0.11904761904761904,0.047619047619047616,0.2619047619047619,5,1,2,2020,0,78.0,105.0,25.0
2020-02-18,psychotherapy,58,19.785172413793102,0.23068965517241377,1,0.05172413793103448,0.06896551724137931,0.017241379310344827,0.20689655172413793,4,1,2,2020,0,100.0,110.0,90.0
2020-02-18,occupational therapy,47,19.74404255319149,0.11468085106382978,1,0.0425531914893617,0.0,0.02127659574468085,0.3617021276595745,1,1,2,2020,0,33.0,41.0,16.0
2020-02-18,physiotherapy,51,21.010196078431374,0.2149019607843137,1,0.1568627450980392,0.09803921568627451,0.058823529411764705,0.27450980392156865,3,1,2,2020,0,85.0,84.0,24.0
2020-02-18,pedagogo,7,21.28,0.10571428571428569,1,0.0,0.0,0.0,0.2857142857142857,2,1,2,2020,0,7.0,28.0,5.0
2020-02-19,occupational therapy,35,20.56742857142857,0.18285714285714283,1,0.02857142857142857,0.05714285714285714,0.05714285714285714,0.45714285714285713,1,2,2,2020,0,47.0,66.0,45.0
2020-02-19,pedagogo,6,20.23,0.4283333333333333,1,0.0,0.0,0.0,0.5,2,2,2,2020,0,7.0,23.0,5.0
2020-02-19,psychotherapy,53,19.953396226415094,0.15603773584905659,1,0.018867924528301886,0.03773584905660377,0.0,0.2641509433962264,4,2,2,2020,0,58.0,146.0,155.0
2020-02-19,enf,1,21.11,0.0,1,0.0,0.0,0.0,1.0,0,2,2,2020,0,10.0,5.0,1.0
2020-02-19,speech therapy,37,19.966486486486485,0.1591891891891892,1,0.02702702702702703,0.0,0.0,0.32432432432432434,5,2,2,2020,0,42.0,113.0,2.0
2020-02-19,physiotherapy,44,19.948636363636364,0.14204545454545456,1,0.25,0.11363636363636363,0.045454545454545456,0.4318181818181818,3,2,2,2020,0,51.0,110.0,82.0
2020-02-20,pedagogo,24,20.155833333333334,0.12625,1,0.0,0.08333333333333333,0.0,0.375,2,3,2,2020,0,6.0,18.0,9.0
2020-02-20,physiotherapy,89,20.58179775280899,0.1448314606741573,1,0.19101123595505617,0.10112359550561797,0.02247191011235955,0.33707865168539325,3,3,2,2020,0,44.0,87.0,112.0
2020-02-20,enf,7,20.67142857142857,0.18142857142857144,1,0.2857142857142857,0.14285714285714285,0.0,0.2857142857142857,0,3,2,2020,0,1.0,9.0,4.0
2020-02-20,occupational therapy,31,20.549032258064514,0.08870967741935484,1,0.0967741935483871,0.0967741935483871,0.0967741935483871,0.3225806451612903,1,3,2,2020,0,35.0,41.0,61.0
2020-02-20,psychotherapy,116,20.304827586206898,0.10387931034482759,1,0.017241379310344827,0.02586206896551724,0.02586206896551724,0.31896551724137934,4,3,2,2020,0,53.0,117.0,93.0
2020-02-20,speech therapy,91,20.553516483516486,0.15483516483516482,1,0.04395604395604396,0.04395604395604396,0.0,0.32967032967032966,5,3,2,2020,0,37.0,85.0,90.0
2020-02-21,enf,8,20.055,0.36875,1,0.125,0.125,0.125,0.25,0,4,2,2020,0,7.0,7.0,5.0
2020-02-21,occupational therapy,55,19.08909090909091,0.1507272727272727,1,0.03636363636363636,0.03636363636363636,0.07272727272727272,0.38181818181818183,1,4,2,2020,0,31.0,56.0,43.0
2020-02-21,pedagogo,13,19.718461538461536,0.11923076923076922,1,0.0,0.0,0.07692307692307693,0.38461538461538464,2,4,2,2020,0,24.0,16.0,14.0
2020-02-21,physiotherapy,89,19.94202247191011,0.14359550561797751,1,0.15730337078651685,0.1348314606741573,0.033707865168539325,0.30337078651685395,3,4,2,2020,0,89.0,105.0,74.0
2020-02-21,psychotherapy,129,20.491782945736436,0.1650387596899225,1,0.015503875968992248,0.031007751937984496,0.046511627906976744,0.31007751937984496,4,4,2,2020,0,116.0,137.0,131.0
2020-02-21,speech therapy,83,20.145180722891567,0.24012048192771085,1,0.024096385542168676,0.04819277108433735,0.0,0.3132530120481928,5,4,2,2020,0,91.0,117.0,111.0
2020-02-24,physiotherapy,122,20.20532786885246,0.12967213114754098,1,0.13934426229508196,0.09016393442622951,0.04918032786885246,0.27049180327868855,3,0,2,2020,0,2.0,2.0,141.0
2020-02-24,speech therapy,99,20.52808080808081,0.16606060606060608,1,0.06060606060606061,0.030303030303030304,0.030303030303030304,0.30303030303030304,5,0,2,2020,0,1.0,78.0,141.0
2020-02-24,enf,7,21.58142857142857,0.19142857142857145,1,0.14285714285714285,0.14285714285714285,0.14285714285714285,0.42857142857142855,0,0,2,2020,0,8.0,8.0,4.0
2020-02-24,psychotherapy,124,20.408306451612905,0.17758064516129032,1,0.04838709677419355,0.016129032258064516,0.024193548387096774,0.3387096774193548,4,0,2,2020,0,4.0,100.0,1.0
2020-02-24,occupational therapy,57,19.70736842105263,0.24070175438596492,1,0.05263157894736842,0.03508771929824561,0.0,0.24561403508771928,1,0,2,2020,0,1.0,1.0,73.0
2020-02-24,pedagogo,22,18.58818181818182,0.08409090909090909,1,0.0,0.0,0.0,0.2727272727272727,2,0,2,2020,0,13.0,9.0,11.0
2020-02-25,speech therapy,144,20.34111111111111,0.20819444444444446,1,0.04861111111111111,0.027777777777777776,0.006944444444444444,0.3125,5,1,2,2020,0,99.0,42.0,105.0
2020-02-25,occupational therapy,54,20.86611111111111,0.17648148148148146,1,0.07407407407407407,0.07407407407407407,0.037037037037037035,0.35185185185185186,1,1,2,2020,0,57.0,33.0,1.0
2020-02-25,psychotherapy,167,20.28125748502994,0.23832335329341317,1,0.03592814371257485,0.029940119760479042,0.029940119760479042,0.3532934131736527,4,1,2,2020,0,124.0,58.0,110.0
2020-02-25,enf,12,20.493333333333336,0.03333333333333333,1,0.08333333333333333,0.08333333333333333,0.08333333333333333,0.3333333333333333,0,1,2,2020,0,7.0,11.0,7.0
2020-02-25,physiotherapy,122,20.70262295081967,0.19885245901639345,1,0.13934426229508196,0.09836065573770492,0.02459016393442623,0.28688524590163933,3,1,2,2020,0,122.0,85.0,1.0
2020-02-25,pedagogo,16,20.234375,0.13187500000000002,1,0.0,0.0,0.0,0.25,2,1,2,2020,0,22.0,16.0,15.0
2020-02-26,physiotherapy,80,19.64675,0.126125,1,0.15,0.1125,0.025,0.3125,3,2,2,2020,0,122.0,51.0,84.0
2020-02-26,speech therapy,92,20.642065217391302,0.20369565217391303,1,0.03260869565217391,0.043478260869565216,0.0,0.43478260869565216,5,2,2,2020,0,144.0,37.0,113.0
2020-02-26,occupational therapy,51,20.079607843137254,0.19098039215686274,1,0.0196078431372549,0.058823529411764705,0.0392156862745098,0.27450980392156865,1,2,2,2020,0,54.0,47.0,41.0
2020-02-26,pedagogo,10,21.535,0.12799999999999997,1,0.0,0.1,0.0,0.2,2,2,2,2020,0,16.0,7.0,16.0
2020-02-26,psychotherapy,125,19.818240000000003,0.15912,1,0.024,0.056,0.016,0.28,4,2,2,2020,0,167.0,53.0,146.0
2020-02-26,enf,7,19.25142857142857,0.15142857142857144,1,0.2857142857142857,0.2857142857142857,0.0,0.2857142857142857,0,2,2,2020,0,12.0,6.0,6.0
2020-02-27,psychotherapy,135,19.95577777777778,0.17955555555555555,1,0.08148148148148149,0.044444444444444446,0.02962962962962963,0.31851851851851853,4,3,2,2020,0,125.0,116.0,117.0
2020-02-27,enf,13,21.179230769230767,0.16461538461538464,1,0.3076923076923077,0.23076923076923078,0.0,0.38461538461538464,0,3,2,2020,0,7.0,10.0,12.0
2020-02-27,pedagogo,22,20.193181818181817,0.2072727272727273,1,0.045454545454545456,0.045454545454545456,0.0,0.3181818181818182,2,3,2,2020,0,10.0,7.0,28.0
2020-02-27,physiotherapy,99,20.096363636363638,0.2592929292929293,1,0.16161616161616163,0.13131313131313133,0.030303030303030304,0.25252525252525254,3,3,2,2020,0,80.0,44.0,110.0
2020-02-27,speech therapy,98,20.201428571428572,0.16551020408163264,1,0.02040816326530612,0.04081632653061224,0.0,0.29591836734693877,5,3,2,2020,0,92.0,91.0,85.0
2020-02-27,occupational therapy,44,19.987727272727273,0.18886363636363634,1,0.06818181818181818,0.06818181818181818,0.022727272727272728,0.29545454545454547,1,3,2,2020,0,51.0,35.0,66.0
2020-02-28,pedagogo,16,20.905625,0.06,1,0.0,0.0,0.0,0.25,2,4,2,2020,0,22.0,6.0,23.0
2020-02-28,enf,9,20.376666666666665,0.32,1,0.3333333333333333,0.0,0.0,0.3333333333333333,0,4,2,2020,0,13.0,1.0,5.0
2020-02-28,occupational therapy,58,19.63103448275862,0.15844827586206894,1,0.05172413793103448,0.05172413793103448,0.0,0.22413793103448276,1,4,2,2020,0,44.0,31.0,41.0
2020-02-28,physiotherapy,115,19.995043478260868,0.15521739130434783,1,0.13043478260869565,0.09565217391304348,0.043478260869565216,0.25217391304347825,3,4,2,2020,0,99.0,89.0,87.0
2020-02-28,speech therapy,115,20.037130434782608,0.16286956521739132,1,0.034782608695652174,0.034782608695652174,0.008695652173913044,0.25217391304347825,5,4,2,2020,0,98.0,83.0,117.0
2020-02-28,psychotherapy,171,19.799122807017543,0.20128654970760235,1,0.05847953216374269,0.023391812865497075,0.04678362573099415,0.30994152046783624,4,4,2,2020,0,135.0,129.0,137.0
2020-03-02,psychotherapy,61,20.201639344262293,0.12803278688524591,1,0.01639344262295082,0.01639344262295082,0.01639344262295082,0.19672131147540983,4,0,3,2020,0,5.0,4.0,1.0
2020-03-02,occupational therapy,19,20.64,0.19631578947368422,1,0.0,0.0,0.0,0.2631578947368421,1,0,3,2020,0,1.0,57.0,1.0
2020-03-02,physiotherapy,38,20.47,0.18973684210526315,1,0.10526315789473684,0.10526315789473684,0.0,0.42105263157894735,3,0,3,2020,0,2.0,2.0,101.0
2020-03-02,enf,2,22.865000000000002,0.035,1,0.0,0.0,0.0,0.0,0,0,3,2020,0,9.0,7.0,9.0
2020-03-02,pedagogo,7,19.98857142857143,0.02,1,0.0,0.0,0.0,0.14285714285714285,2,0,3,2020,0,1.0,13.0,16.0
2020-03-02,speech therapy,39,20.41871794871795,0.13487179487179488,1,0.05128205128205128,0.10256410256410256,0.0,0.38461538461538464,5,0,3,2020,0,2.0,1.0,1.0
2020-03-03,psychotherapy,178,19.834550561797755,0.1842696629213483,1,0.056179775280898875,0.06179775280898876,0.016853932584269662,0.2808988764044944,4,1,3,2020,0,61.0,124.0,100.0
2020-03-03,enf,8,21.18625,0.1875,1,0.5,0.125,0.125,0.25,0,1,3,2020,0,2.0,8.0,7.0
2020-03-03,speech therapy,137,20.156204379562045,0.16613138686131385,1,0.08029197080291971,0.058394160583941604,0.014598540145985401,0.32116788321167883,5,1,3,2020,0,39.0,99.0,78.0
2020-03-03,pedagogo,31,19.36935483870968,0.20161290322580644,1,0.0,0.0,0.0,0.3548387096774194,2,1,3,2020,0,7.0,22.0,9.0
2020-03-03,physiotherapy,140,20.555,0.1335,1,0.1,0.11428571428571428,0.04285714285714286,0.32142857142857145,3,1,3,2020,0,38.0,122.0,2.0
2020-03-03,occupational therapy,75,20.1128,0.2112,1,0.04,0.05333333333333334,0.0,0.25333333333333335,1,1,3,2020,0,19.0,54.0,33.0
2020-03-04,pedagogo,18,20.678888888888892,0.15055555555555555,1,0.0,0.05555555555555555,0.0,0.4444444444444444,2,2,3,2020,0,31.0,16.0,16.0
2020-03-04,psychotherapy,106,20.17481132075472,0.20735849056603775,1,0.03773584905660377,0.02830188679245283,0.009433962264150943,0.29245283018867924,4,2,3,2020,0,178.0,167.0,58.0
2020-03-04,physiotherapy,86,20.32593023255814,0.1119767441860465,1,0.23255813953488372,0.11627906976744186,0.05813953488372093,0.26744186046511625,3,2,3,2020,0,140.0,122.0,85.0
2020-03-04,enf,10,20.443,0.095,1,0.4,0.2,0.0,0.2,0,2,3,2020,0,8.0,7.0,8.0
2020-03-04,occupational therapy,51,20.70333333333333,0.24666666666666667,1,0.0392156862745098,0.058823529411764705,0.0196078431372549,0.35294117647058826,1,2,3,2020,0,75.0,51.0,47.0
2020-03-04,speech therapy,84,20.303452380952383,0.18988095238095237,1,0.05952380952380952,0.05952380952380952,0.023809523809523808,0.3333333333333333,5,2,3,2020,0,137.0,144.0,42.0
2020-03-05,pedagogo,9,20.676666666666666,0.30888888888888894,1,0.0,0.0,0.0,0.4444444444444444,2,3,3,2020,0,18.0,10.0,7.0
2020-03-05,physiotherapy,64,19.7359375,0.15875,1,0.109375,0.09375,0.0625,0.234375,3,3,3,2020,0,86.0,80.0,51.0
2020-03-05,speech therapy,78,20.233974358974358,0.0891025641025641,1,0.07692307692307693,0.05128205128205128,0.0,0.3717948717948718,5,3,3,2020,0,84.0,92.0,37.0
2020-03-05,occupational therapy,38,19.680526315789475,0.3257894736842106,1,0.05263157894736842,0.0,0.02631578947368421,0.23684210526315788,1,3,3,2020,0,51.0,44.0,35.0
2020-03-05,psychotherapy,103,19.996796116504854,0.20553398058252428,1,0.08737864077669903,0.04854368932038835,0.02912621359223301,0.3592233009708738,4,3,3,2020,0,106.0,125.0,53.0
2020-03-05,enf,8,21.728749999999998,0.22000000000000003,1,0.25,0.0,0.0,0.375,0,3,3,2020,0,10.0,12.0,11.0
2020-03-06,speech therapy,125,19.97904,0.1596,1,0.072,0.04,0.016,0.28,5,4,3,2020,0,78.0,98.0,91.0
2020-03-06,occupational therapy,52,20.28134615384615,0.21134615384615385,1,0.057692307692307696,0.038461538461538464,0.038461538461538464,0.21153846153846154,1,4,3,2020,0,38.0,58.0,31.0
2020-03-06,enf,7,18.164285714285715,0.12285714285714286,1,0.2857142857142857,0.2857142857142857,0.14285714285714285,0.42857142857142855,0,4,3,2020,0,8.0,7.0,6.0
2020-03-06,physiotherapy,128,20.1796875,0.204921875,1,0.1953125,0.109375,0.078125,0.3359375,3,4,3,2020,0,64.0,99.0,44.0
2020-03-06,psychotherapy,152,20.403486842105263,0.20282894736842105,1,0.03289473684210526,0.019736842105263157,0.006578947368421052,0.375,4,4,3,2020,0,103.0,135.0,116.0
2020-03-06,pedagogo,15,20.223333333333336,0.14933333333333335,1,0.0,0.0,0.0,0.26666666666666666,2,4,3,2020,0,9.0,22.0,7.0
2020-03-09,psychotherapy,54,19.91333333333333,0.12277777777777778,1,0.037037037037037035,0.018518518518518517,0.0,0.25925925925925924,4,0,3,2020,0,1.0,61.0,4.0
2020-03-09,physiotherapy,33,20.52818181818182,0.17939393939393938,1,0.18181818181818182,0.15151515151515152,0.06060606060606061,0.24242424242424243,3,0,3,2020,0,2.0,38.0,2.0
2020-03-09,speech therapy,32,20.7490625,0.1253125,1,0.125,0.0625,0.03125,0.3125,5,0,3,2020,0,1.0,39.0,1.0
2020-03-09,enf,3,20.883333333333336,0.07666666666666667,1,0.0,0.0,0.0,0.3333333333333333,0,0,3,2020,0,1.0,9.0,1.0
2020-03-09,occupational therapy,23,19.859130434782607,0.17869565217391306,1,0.043478260869565216,0.043478260869565216,0.043478260869565216,0.2608695652173913,1,0,3,2020,0,1.0,19.0,57.0
2020-03-09,pedagogo,7,18.815714285714286,0.07857142857142858,1,0.0,0.0,0.0,0.2857142857142857,2,0,3,2020,0,3.0,1.0,24.0
2020-03-10,enf,6,20.091666666666665,0.07,1,0.3333333333333333,0.16666666666666666,0.16666666666666666,0.8333333333333334,0,1,3,2020,0,3.0,2.0,7.0
2020-03-10,occupational therapy,28,19.58178571428571,0.1267857142857143,1,0.03571428571428571,0.07142857142857142,0.0,0.32142857142857145,1,1,3,2020,0,23.0,75.0,54.0
2020-03-10,psychotherapy,76,19.788157894736845,0.14776315789473685,1,0.05263157894736842,0.09210526315789473,0.02631578947368421,0.32894736842105265,4,1,3,2020,0,54.0,178.0,124.0
2020-03-10,speech therapy,58,19.905344827586205,0.21586206896551727,1,0.034482758620689655,0.017241379310344827,0.0,0.25862068965517243,5,1,3,2020,0,32.0,137.0,99.0
2020-03-10,physiotherapy,59,19.9135593220339,0.17694915254237287,1,0.13559322033898305,0.06779661016949153,0.01694915254237288,0.2711864406779661,3,1,3,2020,0,33.0,140.0,122.0
2020-03-10,pedagogo,12,20.075,0.14583333333333334,1,0.0,0.08333333333333333,0.0,0.3333333333333333,2,1,3,2020,0,7.0,7.0,13.0
2020-03-11,enf,6,20.645,0.525,1,0.5,0.3333333333333333,0.0,0.16666666666666666,0,2,3,2020,0,6.0,8.0,8.0
2020-03-11,psychotherapy,57,20.567719298245613,0.12210526315789473,1,0.017543859649122806,0.0,0.03508771929824561,0.24561403508771928,4,2,3,2020,0,76.0,106.0,167.0
2020-03-11,occupational therapy,18,18.803888888888892,0.14277777777777778,1,0.05555555555555555,0.05555555555555555,0.05555555555555555,0.2777777777777778,1,2,3,2020,0,28.0,51.0,51.0
2020-03-11,pedagogo,12,19.980833333333333,0.041666666666666664,1,0.0,0.08333333333333333,0.0,0.4166666666666667,2,2,3,2020,0,12.0,31.0,22.0
2020-03-11,speech therapy,51,20.881764705882354,0.14686274509803923,1,0.09803921568627451,0.0784313725490196,0.0196078431372549,0.3137254901960784,5,2,3,2020,0,58.0,84.0,144.0
2020-03-11,physiotherapy,30,20.407666666666668,0.2843333333333333,1,0.16666666666666666,0.06666666666666667,0.13333333333333333,0.3,3,2,3,2020,0,59.0,86.0,122.0
2020-03-12,speech therapy,64,19.951093750000002,0.1240625,1,0.015625,0.03125,0.015625,0.3125,5,3,3,2020,0,51.0,78.0,92.0
2020-03-12,occupational therapy,24,20.62375,0.2604166666666667,1,0.08333333333333333,0.125,0.08333333333333333,0.2916666666666667,1,3,3,2020,0,18.0,38.0,44.0
2020-03-12,physiotherapy,47,20.378510638297872,0.13297872340425532,1,0.23404255319148937,0.14893617021276595,0.06382978723404255,0.2127659574468085,3,3,3,2020,0,30.0,64.0,80.0
2020-03-12,enf,5,20.142000000000003,0.1,1,0.6,0.6,0.2,0.4,0,3,3,2020,0,6.0,10.0,7.0
2020-03-12,pedagogo,10,20.538,0.372,1,0.0,0.0,0.0,0.2,2,3,3,2020,0,12.0,18.0,16.0
2020-03-12,psychotherapy,70,20.33957142857143,0.20957142857142858,1,0.014285714285714285,0.02857142857142857,0.0,0.32857142857142857,4,3,3,2020,0,57.0,103.0,125.0
2020-03-13,psychotherapy,112,20.655089285714286,0.20285714285714285,1,0.05357142857142857,0.05357142857142857,0.017857142857142856,0.2767857142857143,4,4,3,2020,0,70.0,152.0,135.0
2020-03-13,occupational therapy,41,20.166097560975608,0.21024390243902438,1,0.0,0.07317073170731707,0.0,0.36585365853658536,1,4,3,2020,0,24.0,52.0,58.0
2020-03-13,physiotherapy,81,19.575432098765432,0.16382716049382715,1,0.07407407407407407,0.04938271604938271,0.04938271604938271,0.2222222222222222,3,4,3,2020,0,47.0,128.0,99.0
2020-03-13,pedagogo,15,21.093999999999998,0.3993333333333334,1,0.0,0.0,0.0,0.4,2,4,3,2020,0,10.0,9.0,10.0
2020-03-13,speech therapy,81,20.05246913580247,0.1637037037037037,1,0.06172839506172839,0.04938271604938271,0.024691358024691357,0.2839506172839506,5,4,3,2020,0,64.0,125.0,98.0
2020-03-13,enf,6,21.298333333333332,0.22166666666666668,1,0.16666666666666666,0.16666666666666666,0.0,0.6666666666666666,0,4,3,2020,0,5.0,8.0,12.0
2020-03-16,pedagogo,13,19.943076923076923,0.2853846153846154,1,0.0,0.0,0.0,0.3076923076923077,2,0,3,2020,0,7.0,7.0,1.0
2020-03-16,physiotherapy,65,20.624307692307692,0.1413846153846154,1,0.1076923076923077,0.07692307692307693,0.03076923076923077,0.27692307692307694,3,0,3,2020,0,29.0,33.0,38.0
2020-03-16,occupational therapy,42,20.49547619047619,0.2419047619047619,1,0.047619047619047616,0.047619047619047616,0.023809523809523808,0.21428571428571427,1,0,3,2020,0,25.0,23.0,19.0
2020-03-16,psychotherapy,81,20.036296296296296,0.19629629629629627,1,0.06172839506172839,0.037037037037037035,0.012345679012345678,0.35802469135802467,4,0,3,2020,0,62.0,54.0,61.0
2020-03-16,speech therapy,79,20.46873417721519,0.23329113924050632,1,0.02531645569620253,0.0759493670886076,0.02531645569620253,0.22784810126582278,5,0,3,2020,0,40.0,32.0,39.0
2020-03-16,enf,7,21.654285714285717,0.06571428571428571,1,0.2857142857142857,0.14285714285714285,0.0,0.14285714285714285,0,0,3,2020,0,2.0,3.0,9.0
2020-03-17,pedagogo,6,18.656666666666666,0.043333333333333335,1,0.0,0.0,0.0,0.16666666666666666,2,1,3,2020,0,13.0,12.0,7.0
2020-03-17,occupational therapy,15,20.957333333333334,0.3266666666666667,1,0.13333333333333333,0.06666666666666667,0.0,0.13333333333333333,1,1,3,2020,0,42.0,28.0,75.0
2020-03-17,enf,4,22.4125,0.3125,1,0.75,0.5,0.0,0.25,0,1,3,2020,0,7.0,6.0,2.0
2020-03-17,speech therapy,34,19.756176470588237,0.22235294117647061,1,0.11764705882352941,0.14705882352941177,0.0,0.2647058823529412,5,1,3,2020,0,79.0,58.0,137.0
2020-03-17,psychotherapy,36,19.968055555555555,0.21833333333333332,1,0.027777777777777776,0.05555555555555555,0.027777777777777776,0.4444444444444444,4,1,3,2020,0,81.0,76.0,178.0
2020-03-17,physiotherapy,19,20.20684210526316,0.08684210526315789,1,0.21052631578947367,0.0,0.0,0.5263157894736842,3,1,3,2020,0,65.0,59.0,140.0
2020-03-18,speech therapy,44,20.897045454545456,0.19795454545454547,1,0.022727272727272728,0.0,0.022727272727272728,0.22727272727272727,5,2,3,2020,0,34.0,51.0,84.0
2020-03-18,psychotherapy,69,20.419275362318842,0.1528985507246377,1,0.014492753623188406,0.043478260869565216,0.043478260869565216,0.2318840579710145,4,2,3,2020,0,36.0,57.0,106.0
2020-03-18,pedagogo,5,18.990000000000002,0.012,1,0.0,0.0,0.0,0.0,2,2,3,2020,0,6.0,12.0,31.0
2020-03-18,occupational therapy,20,21.145500000000002,0.155,1,0.15,0.05,0.0,0.3,1,2,3,2020,0,15.0,18.0,51.0
2020-03-18,enf,4,23.1925,0.1775,1,0.25,0.0,0.0,0.25,0,2,3,2020,0,4.0,6.0,8.0
2020-03-18,physiotherapy,33,20.440606060606058,0.20242424242424242,1,0.12121212121212122,0.12121212121212122,0.030303030303030304,0.2727272727272727,3,2,3,2020,0,19.0,30.0,86.0
2020-03-19,pedagogo,1,19.06,0.0,1,0.0,0.0,0.0,0.0,2,3,3,2020,0,5.0,10.0,18.0
2020-03-19,physiotherapy,2,20.71,0.1,1,1.0,0.0,0.0,0.5,3,3,3,2020,0,33.0,47.0,64.0
2020-03-19,speech therapy,3,20.900000000000002,0.0033333333333333335,1,0.0,0.0,0.0,0.0,5,3,3,2020,0,44.0,64.0,78.0
2020-03-19,occupational therapy,1,19.49,0.01,1,0.0,0.0,0.0,1.0,1,3,3,2020,0,20.0,24.0,38.0
2020-03-20,physiotherapy,1,16.83,0.0,1,0.0,0.0,0.0,1.0,3,4,3,2020,0,2.0,81.0,128.0
2020-03-23,enf,7,19.225714285714286,0.14142857142857143,1,0.2857142857142857,0.2857142857142857,0.0,0.2857142857142857,0,0,3,2020,0,1.0,7.0,7.0
2020-03-23,occupational therapy,50,20.632600000000004,0.2882,1,0.04,0.06,0.0,0.3,1,0,3,2020,0,23.0,25.0,1.0
2020-03-23,pedagogo,13,20.54076923076923,0.07692307692307693,1,0.0,0.07692307692307693,0.0,0.5384615384615384,2,0,3,2020,0,9.0,7.0,3.0
2020-03-23,physiotherapy,91,20.52967032967033,0.1934065934065934,1,0.16483516483516483,0.13186813186813187,0.06593406593406594,0.26373626373626374,3,0,3,2020,0,41.0,65.0,33.0
2020-03-23,speech therapy,76,20.21421052631579,0.19960526315789473,1,0.02631578947368421,0.039473684210526314,0.039473684210526314,0.2631578947368421,5,0,3,2020,0,49.0,40.0,1.0
2020-03-23,psychotherapy,124,19.938467741935483,0.19733870967741934,1,0.056451612903225805,0.04032258064516129,0.008064516129032258,0.3225806451612903,4,0,3,2020,0,61.0,72.0,15.0
2020-03-24,pedagogo,4,23.315,0.25,1,0.0,0.0,0.0,0.25,2,1,3,2020,0,13.0,13.0,7.0
2020-03-24,enf,2,21.35,0.9,1,1.0,1.0,0.0,0.0,0,1,3,2020,0,7.0,2.0,1.0
2020-03-24,physiotherapy,69,19.355652173913043,0.09550724637681159,1,0.13043478260869565,0.10144927536231885,0.043478260869565216,0.391304347826087,3,1,3,2020,0,91.0,19.0,59.0
2020-03-24,psychotherapy,78,20.01871794871795,0.20717948717948717,1,0.038461538461538464,0.01282051282051282,0.01282051282051282,0.32051282051282054,4,1,3,2020,0,124.0,62.0,1.0
2020-03-24,speech therapy,56,20.104821428571427,0.1960714285714286,1,0.05357142857142857,0.05357142857142857,0.017857142857142856,0.35714285714285715,5,1,3,2020,0,76.0,79.0,32.0
2020-03-24,occupational therapy,27,19.66,0.1562962962962963,1,0.037037037037037035,0.037037037037037035,0.07407407407407407,0.18518518518518517,1,1,3,2020,0,50.0,42.0,23.0
2020-03-25,physiotherapy,77,21.25701298701299,0.15233766233766236,1,0.12987012987012986,0.14285714285714285,0.025974025974025976,0.3246753246753247,3,2,3,2020,0,69.0,33.0,30.0
2020-03-25,pedagogo,10,18.72,0.183,1,0.0,0.1,0.0,0.1,2,2,3,2020,0,4.0,6.0,12.0
2020-03-25,psychotherapy,103,20.291844660194176,0.17368932038834953,1,0.06796116504854369,0.05825242718446602,0.02912621359223301,0.2912621359223301,4,2,3,2020,0,78.0,81.0,54.0
2020-03-25,speech therapy,65,19.777076923076923,0.22815384615384615,1,0.07692307692307693,0.06153846153846154,0.015384615384615385,0.3230769230769231,5,2,3,2020,0,56.0,34.0,58.0
2020-03-25,enf,6,20.383333333333333,0.13,1,0.0,0.0,0.0,0.16666666666666666,0,2,3,2020,0,2.0,7.0,3.0
2020-03-25,occupational therapy,40,20.23825,0.1135,1,0.025,0.025,0.05,0.3,1,2,3,2020,0,27.0,15.0,28.0
2020-03-26,speech therapy,1,24.03,0.21,1,0.0,0.0,0.0,1.0,5,3,3,2020,0,65.0,44.0,51.0
2020-03-26,occupational therapy,2,24.18,0.09,1,1.0,0.5,0.5,0.5,1,3,3,2020,0,40.0,20.0,18.0
2020-03-26,physiotherapy,2,21.845,0.125,1,0.5,0.5,0.5,0.5,3,3,3,2020,0,77.0,2.0,47.0
2020-03-26,psychotherapy,1,18.66,0.0,1,0.0,0.0,0.0,0.0,4,3,3,2020,0,103.0,36.0,76.0
2020-03-27,occupational therapy,1,25.92,0.0,1,0.0,0.0,0.0,0.0,1,4,3,2020,0,2.0,1.0,24.0
2020-03-27,speech therapy,1,17.17,0.68,1,0.0,0.0,0.0,0.0,5,4,3,2020,0,1.0,3.0,64.0
2020-03-27,psychotherapy,2,21.85,0.06,1,0.0,0.0,0.0,0.0,4,4,3,2020,0,1.0,69.0,57.0
2020-03-27,physiotherapy,3,22.45,0.05333333333333334,1,0.0,0.0,0.0,0.3333333333333333,3,4,3,2020,0,2.0,1.0,81.0
2020-03-30,speech therapy,160,20.19225,0.22512499999999996,1,0.0625,0.05,0.03125,0.30625,5,0,3,2020,0,118.0,76.0,40.0
2020-03-30,enf,7,21.66857142857143,0.014285714285714285,1,0.42857142857142855,0.42857142857142855,0.14285714285714285,0.5714285714285714,0,0,3,2020,0,12.0,3.0,5.0
2020-03-30,occupational therapy,96,19.8728125,0.24333333333333332,1,0.041666666666666664,0.020833333333333332,0.010416666666666666,0.2708333333333333,1,0,3,2020,0,64.0,50.0,25.0
2020-03-30,psychotherapy,172,20.03377906976744,0.17976744186046512,1,0.023255813953488372,0.023255813953488372,0.011627906976744186,0.28488372093023256,4,0,3,2020,0,159.0,124.0,72.0
2020-03-30,pedagogo,26,20.678076923076922,0.23153846153846153,1,0.0,0.0,0.0,0.3076923076923077,2,0,3,2020,0,17.0,3.0,15.0
2020-03-30,physiotherapy,133,19.803233082706765,0.1650375939849624,1,0.19548872180451127,0.10526315789473684,0.045112781954887216,0.3458646616541353,3,0,3,2020,0,96.0,91.0,65.0
2020-03-31,psychotherapy,99,20.538383838383837,0.1790909090909091,1,0.030303030303030304,0.050505050505050504,0.0,0.2828282828282828,4,1,3,2020,0,172.0,78.0,62.0
2020-03-31,pedagogo,8,19.54125,0.16375,1,0.0,0.0,0.0,0.5,2,1,3,2020,0,26.0,9.0,8.0
2020-03-31,physiotherapy,67,20.091492537313435,0.16970149253731343,1,0.14925373134328357,0.1044776119402985,0.029850746268656716,0.2835820895522388,3,1,3,2020,0,133.0,69.0,19.0
2020-03-31,enf,8,19.50375,0.05500000000000001,1,0.5,0.375,0.125,0.25,0,1,3,2020,0,7.0,1.0,6.0
2020-03-31,occupational therapy,52,19.741153846153846,0.25461538461538463,1,0.057692307692307696,0.057692307692307696,0.038461538461538464,0.2692307692307692,1,1,3,2020,0,96.0,27.0,42.0
2020-03-31,speech therapy,60,21.231333333333335,0.2035,1,0.13333333333333333,0.0,0.03333333333333333,0.31666666666666665,5,1,3,2020,0,160.0,56.0,79.0
2020-04-01,pedagogo,22,20.140454545454546,0.11681818181818183,1,0.0,0.0,0.0,0.2727272727272727,2,2,4,2020,0,8.0,13.0,7.0
2020-04-01,occupational therapy,74,20.354864864864865,0.12432432432432435,1,0.04054054054054054,0.04054054054054054,0.013513513513513514,0.22972972972972974,1,2,4,2020,0,52.0,40.0,15.0
2020-04-01,speech therapy,135,19.949851851851854,0.24429629629629626,1,0.05185185185185185,0.05185185185185185,0.007407407407407408,0.3111111111111111,5,2,4,2020,0,60.0,65.0,34.0
2020-04-01,enf,11,20.093636363636364,0.20181818181818179,1,0.5454545454545454,0.2727272727272727,0.0,0.2727272727272727,0,2,4,2020,0,8.0,7.0,7.0
2020-04-01,psychotherapy,184,20.460271739130434,0.20983695652173912,1,0.021739130434782608,0.02717391304347826,0.005434782608695652,0.32608695652173914,4,2,4,2020,0,99.0,103.0,81.0
2020-04-01,physiotherapy,122,19.97581967213115,0.15549180327868853,1,0.12295081967213115,0.07377049180327869,0.03278688524590164,0.29508196721311475,3,2,4,2020,0,67.0,77.0,33.0
2020-04-02,speech therapy,1,8.94,0.01,1,0.0,0.0,0.0,0.0,5,3,4,2020,0,135.0,1.0,44.0
2020-04-02,physiotherapy,2,17.875,0.005,1,0.0,0.5,0.0,0.5,3,3,4,2020,0,122.0,2.0,2.0
2020-04-02,psychotherapy,1,21.25,0.34,1,0.0,0.0,0.0,0.0,4,3,4,2020,0,184.0,1.0,36.0
2020-04-02,pedagogo,1,18.93,0.0,1,0.0,0.0,0.0,0.0,2,3,4,2020,0,22.0,4.0,13.0
2020-04-03,occupational therapy,1,27.25,0.26,1,0.0,0.0,0.0,0.0,1,4,4,2020,0,74.0,2.0,20.0
2020-04-06,occupational therapy,77,19.85038961038961,0.22051948051948053,1,0.06493506493506493,0.025974025974025976,0.025974025974025976,0.2857142857142857,1,0,4,2020,0,58.0,64.0,23.0
2020-04-06,psychotherapy,226,20.21362831858407,0.21738938053097345,1,0.05309734513274336,0.030973451327433628,0.004424778761061947,0.29646017699115046,4,0,4,2020,0,159.0,159.0,61.0
2020-04-06,physiotherapy,154,20.304285714285715,0.1746103896103896,1,0.12987012987012986,0.05844155844155844,0.012987012987012988,0.3246753246753247,3,0,4,2020,0,91.0,96.0,41.0
2020-04-06,enf,11,20.829090909090908,0.21818181818181817,1,0.36363636363636365,0.36363636363636365,0.09090909090909091,0.09090909090909091,0,0,4,2020,0,12.0,7.0,4.0
2020-04-06,speech therapy,163,20.714785276073616,0.14411042944785274,1,0.06748466257668712,0.04294478527607362,0.006134969325153374,0.34355828220858897,5,0,4,2020,0,85.0,118.0,49.0
2020-04-06,pedagogo,44,19.585,0.20272727272727273,1,0.0,0.022727272727272728,0.0,0.3181818181818182,2,0,4,2020,0,16.0,17.0,1.0
2020-04-07,occupational therapy,38,19.981052631578947,0.22605263157894737,1,0.02631578947368421,0.02631578947368421,0.02631578947368421,0.47368421052631576,1,1,4,2020,0,77.0,96.0,50.0
2020-04-07,pedagogo,11,19.39909090909091,0.07818181818181819,1,0.0,0.0,0.0,0.2727272727272727,2,1,4,2020,0,44.0,26.0,3.0
2020-04-07,psychotherapy,110,20.126454545454543,0.25727272727272726,1,0.01818181818181818,0.045454545454545456,0.00909090909090909,0.37272727272727274,4,1,4,2020,0,226.0,172.0,124.0
2020-04-07,enf,3,21.27,0.06666666666666667,1,0.3333333333333333,0.3333333333333333,0.0,0.6666666666666666,0,1,4,2020,0,11.0,12.0,4.0
2020-04-07,speech therapy,88,20.201363636363638,0.21306818181818182,1,0.09090909090909091,0.06818181818181818,0.03409090909090909,0.17045454545454544,5,1,4,2020,0,163.0,160.0,76.0
2020-04-07,physiotherapy,88,20.686136363636365,0.14738636363636365,1,0.2159090909090909,0.13636363636363635,0.045454545454545456,0.29545454545454547,3,1,4,2020,0,154.0,133.0,91.0
2020-04-08,physiotherapy,85,19.748705882352944,0.09905882352941177,1,0.1411764705882353,0.09411764705882353,0.023529411764705882,0.3176470588235294,3,2,4,2020,0,88.0,67.0,69.0
2020-04-08,pedagogo,15,21.17,0.25466666666666665,1,0.0,0.0,0.0,0.2,2,2,4,2020,0,11.0,8.0,9.0
2020-04-08,speech therapy,93,20.443870967741937,0.18483870967741936,1,0.03225806451612903,0.03225806451612903,0.021505376344086023,0.34408602150537637,5,2,4,2020,0,88.0,60.0,56.0
2020-04-08,occupational therapy,39,20.57589743589744,0.2923076923076923,1,0.0,0.0,0.02564102564102564,0.5128205128205128,1,2,4,2020,0,38.0,52.0,27.0
2020-04-08,enf,4,17.4,0.0775,1,0.25,0.25,0.0,0.5,0,2,4,2020,0,3.0,7.0,3.0
2020-04-08,psychotherapy,130,20.058,0.17223076923076924,1,0.015384615384615385,0.023076923076923078,0.0,0.2923076923076923,4,2,4,2020,0,110.0,99.0,78.0
2020-04-09,physiotherapy,2,21.52,0.0,1,0.0,0.0,0.0,0.0,3,3,4,2020,0,85.0,122.0,77.0
2020-04-09,psychotherapy,3,20.543333333333333,0.0033333333333333335,1,0.0,0.0,0.0,0.3333333333333333,4,3,4,2020,0,130.0,184.0,103.0
2020-04-10,speech therapy,1,14.67,0.0,1,0.0,0.0,0.0,0.0,5,4,4,2020,0,93.0,135.0,65.0
2020-04-13,enf,14,20.368571428571432,0.08214285714285714,1,0.2857142857142857,0.21428571428571427,0.07142857142857142,0.21428571428571427,0,0,4,2020,0,7.0,10.0,2.0
2020-04-13,speech therapy,137,20.74094890510949,0.19795620437956205,1,0.043795620437956206,0.06569343065693431,0.029197080291970802,0.36496350364963503,5,0,4,2020,0,81.0,85.0,103.0
2020-04-13,physiotherapy,142,20.22661971830986,0.19718309859154928,1,0.18309859154929578,0.14084507042253522,0.056338028169014086,0.2323943661971831,3,0,4,2020,0,72.0,91.0,82.0
2020-04-13,occupational therapy,71,19.894225352112677,0.1723943661971831,1,0.014084507042253521,0.0,0.014084507042253521,0.16901408450704225,1,0,4,2020,0,55.0,89.0,1.0
2020-04-13,psychotherapy,176,20.156761363636363,0.17045454545454544,1,0.05113636363636364,0.03977272727272727,0.017045454545454544,0.23863636363636365,4,0,4,2020,0,111.0,159.0,133.0
2020-04-13,pedagogo,31,19.683548387096774,0.1935483870967742,1,0.0,0.0,0.0,0.1935483870967742,2,0,4,2020,0,10.0,23.0,10.0
2020-04-14,psychotherapy,127,19.831968503937006,0.16228346456692913,1,0.05511811023622047,0.03937007874015748,0.0,0.31496062992125984,4,1,4,2020,0,176.0,226.0,159.0
2020-04-14,physiotherapy,80,20.5195,0.16825,1,0.2,0.125,0.0375,0.35,3,1,4,2020,0,142.0,154.0,96.0
2020-04-14,pedagogo,11,21.061818181818182,0.3336363636363636,1,0.0,0.0,0.0,0.09090909090909091,2,1,4,2020,0,31.0,16.0,13.0
2020-04-14,enf,15,21.6,0.08333333333333333,1,0.2,0.26666666666666666,0.0,0.4666666666666667,0,1,4,2020,0,14.0,12.0,6.0
2020-04-14,occupational therapy,41,19.417317073170732,0.1573170731707317,1,0.024390243902439025,0.04878048780487805,0.024390243902439025,0.2926829268292683,1,1,4,2020,0,71.0,58.0,44.0
2020-04-14,speech therapy,70,20.225142857142856,0.18614285714285714,1,0.04285714285714286,0.04285714285714286,0.014285714285714285,0.2714285714285714,5,1,4,2020,0,137.0,163.0,118.0
2020-04-15,pedagogo,10,20.095,0.093,1,0.0,0.0,0.0,0.0,2,2,4,2020,0,11.0,44.0,17.0
2020-04-15,occupational therapy,34,20.671176470588236,0.2838235294117647,1,0.0,0.0,0.0,0.2647058823529412,1,2,4,2020,0,41.0,77.0,64.0
2020-04-15,speech therapy,55,20.694545454545455,0.12127272727272727,1,0.05454545454545454,0.07272727272727272,0.0,0.2727272727272727,5,2,4,2020,0,70.0,88.0,160.0
2020-04-15,physiotherapy,65,20.110769230769233,0.23153846153846155,1,0.15384615384615385,0.1076923076923077,0.015384615384615385,0.3076923076923077,3,2,4,2020,0,80.0,88.0,133.0
2020-04-15,psychotherapy,90,20.384,0.21533333333333332,1,0.06666666666666667,0.03333333333333333,0.011111111111111112,0.3111111111111111,4,2,4,2020,0,127.0,110.0,172.0
2020-04-15,enf,5,21.490000000000002,0.092,1,0.4,0.4,0.0,0.2,0,2,4,2020,0,15.0,11.0,7.0
2020-04-16,psychotherapy,2,18.255000000000003,1.21,1,0.0,0.0,0.0,0.0,4,3,4,2020,0,90.0,130.0,99.0
2020-04-16,speech therapy,2,20.005000000000003,1.74,1,0.0,0.0,0.0,0.5,5,3,4,2020,0,55.0,93.0,60.0
2020-04-16,occupational therapy,2,18.43,0.58,1,0.0,0.0,0.0,0.0,1,3,4,2020,0,34.0,38.0,96.0
2020-04-16,physiotherapy,1,19.7,0.0,1,0.0,0.0,0.0,1.0,3,3,4,2020,0,65.0,85.0,67.0
2020-04-17,occupational therapy,92,20.79804347826087,0.16228260869565217,1,0.05434782608695652,0.03260869565217391,0.043478260869565216,0.31521739130434784,1,4,4,2020,0,2.0,39.0,52.0
2020-04-17,speech therapy,137,19.780802919708027,0.17423357664233577,1,0.029197080291970802,0.0364963503649635,0.014598540145985401,0.22627737226277372,5,4,4,2020,0,2.0,1.0,135.0
2020-04-17,psychotherapy,178,19.82696629213483,0.19067415730337078,1,0.0449438202247191,0.028089887640449437,0.0056179775280898875,0.3258426966292135,4,4,4,2020,0,2.0,3.0,184.0
2020-04-17,pedagogo,25,19.236,0.196,1,0.0,0.0,0.0,0.28,2,4,4,2020,0,10.0,11.0,26.0
2020-04-17,physiotherapy,138,20.342173913043478,0.1296376811594203,1,0.18840579710144928,0.11594202898550725,0.06521739130434782,0.2898550724637681,3,4,4,2020,0,1.0,2.0,122.0
2020-04-17,enf,7,20.634285714285713,0.14714285714285716,1,0.14285714285714285,0.42857142857142855,0.2857142857142857,0.42857142857142855,0,4,4,2020,0,5.0,3.0,12.0
2020-04-20,occupational therapy,94,20.232446808510637,0.11765957446808512,1,0.010638297872340425,0.010638297872340425,0.02127659574468085,0.3723404255319149,1,0,4,2020,0,75.0,71.0,89.0
2020-04-20,psychotherapy,204,20.206960784313726,0.2101470588235294,1,0.0392156862745098,0.0392156862745098,0.00980392156862745,0.28921568627450983,4,0,4,2020,0,188.0,176.0,159.0
2020-04-20,enf,9,21.705555555555556,0.40444444444444444,1,0.2222222222222222,0.0,0.1111111111111111,0.3333333333333333,0,0,4,2020,0,12.0,7.0,11.0
2020-04-20,pedagogo,22,20.2,0.17500000000000002,1,0.0,0.09090909090909091,0.0,0.45454545454545453,2,0,4,2020,0,23.0,10.0,1.0
2020-04-20,physiotherapy,143,20.111538461538462,0.11447552447552448,1,0.14685314685314685,0.08391608391608392,0.06993006993006994,0.34265734265734266,3,0,4,2020,0,117.0,142.0,91.0
2020-04-20,speech therapy,164,19.96609756097561,0.18067073170731707,1,0.07926829268292683,0.054878048780487805,0.024390243902439025,0.3353658536585366,5,0,4,2020,0,143.0,137.0,85.0
2020-04-21,occupational therapy,83,20.346746987951807,0.18903614457831328,1,0.060240963855421686,0.04819277108433735,0.03614457831325301,0.2891566265060241,1,1,4,2020,0,94.0,41.0,58.0
2020-04-21,enf,5,20.630000000000003,0.39399999999999996,1,0.2,0.2,0.2,0.0,0,1,4,2020,0,9.0,14.0,10.0
2020-04-21,pedagogo,26,20.009615384615383,0.13423076923076924,1,0.0,0.0,0.0,0.34615384615384615,2,1,4,2020,0,22.0,31.0,23.0
2020-04-21,psychotherapy,179,19.962290502793294,0.1987709497206704,1,0.0446927374301676,0.061452513966480445,0.027932960893854747,0.3463687150837989,4,1,4,2020,0,204.0,127.0,226.0
2020-04-21,physiotherapy,109,19.95064220183486,0.1444954128440367,1,0.13761467889908258,0.05504587155963303,0.08256880733944955,0.30275229357798167,3,1,4,2020,0,143.0,80.0,154.0
2020-04-21,speech therapy,122,20.108196721311472,0.19245901639344262,1,0.06557377049180328,0.05737704918032787,0.02459016393442623,0.2786885245901639,5,1,4,2020,0,164.0,70.0,163.0
2020-04-22,occupational therapy,6,19.959999999999997,0.445,1,0.0,0.0,0.0,0.16666666666666666,1,2,4,2020,0,83.0,34.0,77.0
2020-04-22,physiotherapy,4,21.535,0.13,1,0.0,0.0,0.0,0.25,3,2,4,2020,0,109.0,65.0,88.0
2020-04-22,speech therapy,10,22.994999999999997,0.10800000000000001,1,0.0,0.0,0.0,0.3,5,2,4,2020,0,122.0,55.0,88.0
2020-04-22,psychotherapy,7,20.201428571428572,0.2842857142857143,1,0.14285714285714285,0.0,0.0,0.7142857142857143,4,2,4,2020,0,179.0,90.0,110.0
2020-04-23,occupational therapy,2,18.815,0.0,1,0.0,0.0,0.0,0.0,1,3,4,2020,0,6.0,2.0,38.0
2020-04-23,psychotherapy,7,17.50857142857143,0.02428571428571429,1,0.2857142857142857,0.14285714285714285,0.0,0.2857142857142857,4,3,4,2020,0,7.0,2.0,130.0
2020-04-23,physiotherapy,3,20.143333333333334,0.016666666666666666,1,0.3333333333333333,0.3333333333333333,0.0,0.3333333333333333,3,3,4,2020,0,4.0,1.0,85.0
2020-04-23,speech therapy,5,20.972,0.038,1,0.0,0.0,0.0,0.4,5,3,4,2020,0,10.0,2.0,93.0
2020-04-24,occupational therapy,53,20.610943396226414,0.13320754716981134,1,0.05660377358490566,0.07547169811320754,0.03773584905660377,0.37735849056603776,1,4,4,2020,0,2.0,92.0,39.0
2020-04-24,psychotherapy,161,20.684347826086956,0.1639751552795031,1,0.043478260869565216,0.037267080745341616,0.018633540372670808,0.32919254658385094,4,4,4,2020,0,7.0,178.0,3.0
2020-04-24,speech therapy,127,20.406220472440946,0.1821259842519685,1,0.05511811023622047,0.047244094488188976,0.015748031496062992,0.2992125984251969,5,4,4,2020,0,5.0,137.0,1.0
2020-04-24,enf,11,20.89363636363636,0.10454545454545454,1,0.2727272727272727,0.09090909090909091,0.0,0.45454545454545453,0,4,4,2020,0,5.0,15.0,12.0
2020-04-24,pedagogo,20,19.7065,0.10700000000000001,1,0.0,0.0,0.0,0.35,2,4,4,2020,0,26.0,11.0,16.0
2020-04-24,physiotherapy,136,20.05235294117647,0.1449264705882353,1,0.19117647058823528,0.08823529411764706,0.014705882352941176,0.3161764705882353,3,4,4,2020,0,3.0,138.0,2.0
2020-04-27,enf,4,17.2425,0.105,1,0.0,0.0,0.25,0.0,0,0,4,2020,0,11.0,9.0,4.0
2020-04-27,pedagogo,11,21.405454545454546,0.04363636363636363,1,0.0,0.0,0.09090909090909091,0.5454545454545454,2,0,4,2020,0,24.0,16.0,15.0
2020-04-27,physiotherapy,78,20.10923076923077,0.09512820512820512,1,0.19230769230769232,0.1794871794871795,0.07692307692307693,0.3333333333333333,3,0,4,2020,0,128.0,143.0,142.0
2020-04-27,speech therapy,89,19.613820224719102,0.2740449438202247,1,0.11235955056179775,0.056179775280898875,0.0449438202247191,0.3258426966292135,5,0,4,2020,0,121.0,164.0,137.0
2020-04-27,psychotherapy,100,19.6967,0.153,1,0.04,0.04,0.05,0.33,4,0,4,2020,0,162.0,204.0,176.0
2020-04-27,occupational therapy,43,19.720232558139536,0.1372093023255814,1,0.046511627906976744,0.046511627906976744,0.0,0.3023255813953488,1,0,4,2020,0,60.0,94.0,71.0
2020-04-28,psychotherapy,107,20.211028037383176,0.20121495327102804,1,0.037383177570093455,0.018691588785046728,0.009345794392523364,0.2897196261682243,4,1,4,2020,0,100.0,179.0,127.0
2020-04-28,occupational therapy,55,20.3,0.17781818181818182,1,0.01818181818181818,0.01818181818181818,0.03636363636363636,0.34545454545454546,1,1,4,2020,0,43.0,83.0,41.0
2020-04-28,physiotherapy,91,19.85208791208791,0.13351648351648351,1,0.14285714285714285,0.08791208791208792,0.054945054945054944,0.2967032967032967,3,1,4,2020,0,78.0,109.0,80.0
2020-04-28,pedagogo,17,19.031176470588235,0.34352941176470586,1,0.0,0.0,0.0,0.23529411764705882,2,1,4,2020,0,11.0,23.0,23.0
2020-04-28,enf,10,21.906,0.23600000000000004,1,0.1,0.1,0.0,0.3,0,1,4,2020,0,4.0,12.0,5.0
2020-04-28,speech therapy,133,21.19097744360902,0.1918796992481203,1,0.06015037593984962,0.045112781954887216,0.022556390977443608,0.2781954887218045,5,1,4,2020,0,89.0,122.0,70.0
2020-04-29,speech therapy,1,18.31,0.1,1,0.0,0.0,0.0,0.0,5,2,4,2020,0,133.0,10.0,55.0
2020-04-29,psychotherapy,1,20.09,0.95,1,0.0,0.0,0.0,1.0,4,2,4,2020,0,107.0,7.0,90.0
2020-04-29,enf,2,21.314999999999998,0.7350000000000001,1,0.5,0.5,0.0,0.5,0,2,4,2020,0,10.0,9.0,7.0
2020-04-30,speech therapy,108,19.881203703703704,0.1937962962962963,1,0.05555555555555555,0.027777777777777776,0.009259259259259259,0.35185185185185186,5,3,4,2020,0,1.0,5.0,2.0
2020-04-30,pedagogo,19,19.767894736842106,0.09894736842105263,1,0.0,0.05263157894736842,0.0,0.2631578947368421,2,3,4,2020,0,17.0,22.0,10.0
2020-04-30,psychotherapy,173,19.936242774566473,0.12676300578034683,1,0.057803468208092484,0.06358381502890173,0.023121387283236993,0.34104046242774566,4,3,4,2020,0,1.0,7.0,2.0
2020-04-30,occupational therapy,70,20.179142857142857,0.18585714285714286,1,0.02857142857142857,0.04285714285714286,0.0,0.4,1,3,4,2020,0,55.0,6.0,34.0
2020-04-30,enf,9,20.892222222222223,0.1111111111111111,1,0.0,0.0,0.0,0.3333333333333333,0,3,4,2020,0,2.0,5.0,14.0
2020-04-30,physiotherapy,152,20.22809210526316,0.1388157894736842,1,0.17105263157894737,0.1118421052631579,0.019736842105263157,0.34868421052631576,3,3,4,2020,0,91.0,4.0,65.0
2020-05-01,pedagogo,26,21.72923076923077,0.30846153846153845,1,0.038461538461538464,0.038461538461538464,0.0,0.23076923076923078,2,4,5,2020,0,19.0,26.0,31.0
2020-05-01,enf,8,21.80125,0.3625,1,0.375,0.125,0.125,0.375,0,4,5,2020,0,9.0,11.0,15.0
2020-05-01,speech therapy,112,20.37232142857143,0.14035714285714287,1,0.05357142857142857,0.044642857142857144,0.017857142857142856,0.30357142857142855,5,4,5,2020,0,108.0,127.0,137.0
2020-05-01,physiotherapy,112,19.939553571428572,0.13223214285714285,1,0.11607142857142858,0.09821428571428571,0.0625,0.3482142857142857,3,4,5,2020,0,152.0,3.0,1.0
2020-05-01,psychotherapy,158,19.977974683544304,0.20550632911392405,1,0.012658227848101266,0.0,0.012658227848101266,0.3227848101265823,4,4,5,2020,0,173.0,161.0,178.0
2020-05-01,occupational therapy,58,20.153275862068966,0.1789655172413793,1,0.034482758620689655,0.06896551724137931,0.017241379310344827,0.20689655172413793,1,4,5,2020,0,70.0,2.0,2.0
2020-05-04,pedagogo,15,18.156,0.23,1,0.0,0.0,0.0,0.26666666666666666,2,0,5,2020,0,16.0,24.0,25.0
2020-05-04,enf,5,23.252,0.03,1,0.4,0.0,0.0,0.4,0,0,5,2020,0,13.0,4.0,9.0
2020-05-04,speech therapy,92,20.189239130434782,0.1481521739130435,1,0.09782608695652174,0.07608695652173914,0.043478260869565216,0.2717391304347826,5,0,5,2020,0,115.0,89.0,164.0
2020-05-04,psychotherapy,136,20.206470588235295,0.12794117647058822,1,0.03676470588235294,0.022058823529411766,0.022058823529411766,0.19117647058823528,4,0,5,2020,0,161.0,100.0,204.0
2020-05-04,physiotherapy,84,20.20678571428571,0.14857142857142858,1,0.19047619047619047,0.14285714285714285,0.07142857142857142,0.23809523809523808,3,0,5,2020,0,105.0,128.0,117.0
2020-05-04,occupational therapy,49,20.42877551020408,0.12775510204081633,1,0.04081632653061224,0.04081632653061224,0.02040816326530612,0.3469387755102041,1,0,5,2020,0,67.0,60.0,75.0
2020-05-05,pedagogo,1,13.49,0.0,1,0.0,0.0,0.0,0.0,2,1,5,2020,0,15.0,11.0,16.0
2020-05-05,physiotherapy,4,18.2575,0.42750000000000005,1,0.0,0.0,0.0,0.25,3,1,5,2020,0,84.0,78.0,143.0
2020-05-05,speech therapy,1,24.87,2.3,1,1.0,0.0,0.0,1.0,5,1,5,2020,0,92.0,133.0,122.0
2020-05-06,psychotherapy,1,17.6,0.0,1,0.0,0.0,0.0,0.0,4,2,5,2020,0,136.0,107.0,179.0
2020-05-06,occupational therapy,1,16.12,0.0,1,0.0,0.0,0.0,1.0,1,2,5,2020,0,49.0,43.0,94.0
2020-05-07,occupational therapy,51,20.23627450980392,0.22372549019607843,1,0.058823529411764705,0.09803921568627451,0.0196078431372549,0.37254901960784315,1,3,5,2020,0,1.0,55.0,83.0
2020-05-07,pedagogo,20,19.4995,0.101,1,0.0,0.0,0.0,0.45,2,3,5,2020,0,1.0,17.0,23.0
2020-05-07,enf,10,18.749000000000002,0.075,1,0.2,0.2,0.2,0.5,0,3,5,2020,0,5.0,10.0,12.0
2020-05-07,physiotherapy,100,19.5876,0.1507,1,0.2,0.15,0.05,0.28,3,3,5,2020,0,4.0,91.0,109.0
2020-05-07,psychotherapy,147,20.243333333333332,0.1634013605442177,1,0.027210884353741496,0.02040816326530612,0.013605442176870748,0.3401360544217687,4,3,5,2020,0,1.0,1.0,7.0
2020-05-07,speech therapy,117,20.07247863247863,0.16495726495726495,1,0.05982905982905983,0.05128205128205128,0.03418803418803419,0.23076923076923078,5,3,5,2020,0,1.0,1.0,10.0
2020-05-08,psychotherapy,101,19.618910891089108,0.19653465346534654,1,0.0297029702970297,0.0297029702970297,0.019801980198019802,0.22772277227722773,4,4,5,2020,0,147.0,173.0,7.0
2020-05-08,physiotherapy,77,19.654805194805196,0.17714285714285716,1,0.15584415584415584,0.12987012987012986,0.03896103896103896,0.35064935064935066,3,4,5,2020,0,100.0,152.0,4.0
2020-05-08,occupational therapy,41,20.070243902439024,0.1451219512195122,1,0.024390243902439025,0.024390243902439025,0.04878048780487805,0.2682926829268293,1,4,5,2020,0,51.0,70.0,6.0
2020-05-08,pedagogo,9,19.26111111111111,0.07777777777777778,1,0.0,0.0,0.0,0.4444444444444444,2,4,5,2020,0,20.0,19.0,22.0
2020-05-08,speech therapy,92,19.597282608695654,0.16141304347826085,1,0.043478260869565216,0.03260869565217391,0.010869565217391304,0.2608695652173913,5,4,5,2020,0,117.0,108.0,5.0
2020-05-08,enf,11,22.216363636363635,0.2627272727272727,1,0.09090909090909091,0.0,0.0,0.18181818181818182,0,4,5,2020,0,10.0,2.0,9.0
2020-05-11,psychotherapy,98,20.256122448979593,0.23775510204081635,1,0.07142857142857142,0.05102040816326531,0.02040816326530612,0.2857142857142857,4,0,5,2020,0,103.0,161.0,162.0
2020-05-11,physiotherapy,74,19.918108108108108,0.0895945945945946,1,0.1891891891891892,0.0945945945945946,0.06756756756756757,0.32432432432432434,3,0,5,2020,0,70.0,105.0,99.0
2020-05-11,speech therapy,74,20.42837837837838,0.1727027027027027,1,0.05405405405405406,0.013513513513513514,0.02702702702702703,0.3108108108108108,5,0,5,2020,0,61.0,115.0,121.0
2020-05-11,occupational therapy,39,20.24128205128205,0.15025641025641023,1,0.05128205128205128,0.02564102564102564,0.02564102564102564,0.23076923076923078,1,0,5,2020,0,44.0,67.0,61.0
2020-05-11,pedagogo,9,20.81,0.17777777777777778,1,0.0,0.1111111111111111,0.0,0.2222222222222222,2,0,5,2020,0,8.0,16.0,12.0
2020-05-11,enf,5,18.812,0.192,1,0.6,0.2,0.2,0.4,0,0,5,2020,0,4.0,15.0,5.0
2020-05-12,speech therapy,10,18.618000000000002,0.762,1,0.0,0.0,0.0,0.3,5,1,5,2020,0,74.0,92.0,89.0
2020-05-12,occupational therapy,8,20.84625,0.25,1,0.125,0.0,0.0,0.375,1,1,5,2020,0,39.0,49.0,60.0
2020-05-12,pedagogo,1,22.83,0.0,1,0.0,0.0,0.0,0.0,2,1,5,2020,0,9.0,15.0,24.0
2020-05-12,psychotherapy,11,18.729090909090907,0.14454545454545456,1,0.0,0.09090909090909091,0.0,0.18181818181818182,4,1,5,2020,0,98.0,136.0,100.0
2020-05-12,physiotherapy,8,21.52375,0.1775,1,0.0,0.0,0.0,0.25,3,1,5,2020,0,74.0,84.0,128.0
2020-05-13,speech therapy,3,21.169999999999998,0.8733333333333334,1,0.0,0.0,0.0,0.3333333333333333,5,2,5,2020,0,10.0,1.0,133.0
2020-05-13,psychotherapy,5,21.25,0.002,1,0.0,0.0,0.0,0.2,4,2,5,2020,0,11.0,1.0,107.0
2020-05-14,pedagogo,2,20.46,0.255,1,0.0,0.0,0.0,0.0,2,3,5,2020,0,1.0,1.0,11.0
2020-05-14,occupational therapy,20,20.932,0.05,1,0.05,0.05,0.0,0.25,1,3,5,2020,0,8.0,1.0,43.0
2020-05-14,psychotherapy,70,20.297,0.16185714285714287,1,0.1,0.08571428571428572,0.04285714285714286,0.2857142857142857,4,3,5,2020,0,5.0,147.0,1.0
2020-05-14,speech therapy,49,20.208163265306123,0.12877551020408162,1,0.02040816326530612,0.02040816326530612,0.0,0.30612244897959184,5,3,5,2020,0,3.0,117.0,1.0
2020-05-14,enf,5,17.998,0.272,1,0.2,0.4,0.0,0.2,0,3,5,2020,0,5.0,13.0,11.0
2020-05-14,physiotherapy,45,19.903333333333332,0.19,1,0.1111111111111111,0.13333333333333333,0.022222222222222223,0.26666666666666666,3,3,5,2020,0,8.0,4.0,78.0
2020-05-15,physiotherapy,44,19.852954545454544,0.23386363636363636,1,0.1590909090909091,0.09090909090909091,0.0,0.25,3,4,5,2020,0,45.0,100.0,91.0
2020-05-15,pedagogo,9,18.642222222222223,0.3033333333333334,1,0.0,0.0,0.0,0.1111111111111111,2,4,5,2020,0,2.0,20.0,17.0
2020-05-15,occupational therapy,21,19.604285714285716,0.14047619047619048,1,0.09523809523809523,0.14285714285714285,0.0,0.42857142857142855,1,4,5,2020,0,20.0,51.0,55.0
2020-05-15,psychotherapy,55,20.226000000000003,0.08890909090909092,1,0.07272727272727272,0.01818181818181818,0.01818181818181818,0.34545454545454546,4,4,5,2020,0,70.0,101.0,173.0
2020-05-15,enf,4,19.755000000000003,0.495,1,0.25,0.5,0.0,0.0,0,4,5,2020,0,5.0,5.0,4.0
2020-05-15,speech therapy,40,20.24675,0.22600000000000003,1,0.05,0.075,0.025,0.375,5,4,5,2020,0,49.0,92.0,108.0
2020-05-18,psychotherapy,39,19.952564102564104,0.2641025641025641,1,0.0,0.0,0.05128205128205128,0.28205128205128205,4,0,5,2020,0,41.0,98.0,161.0
2020-05-18,pedagogo,7,21.424285714285713,0.13857142857142857,1,0.0,0.0,0.0,0.2857142857142857,2,0,5,2020,0,6.0,8.0,35.0
2020-05-18,occupational therapy,19,19.259473684210526,0.14789473684210527,1,0.10526315789473684,0.05263157894736842,0.05263157894736842,0.21052631578947367,1,0,5,2020,0,7.0,44.0,61.0
2020-05-18,physiotherapy,24,18.837500000000002,0.27499999999999997,1,0.08333333333333333,0.125,0.041666666666666664,0.20833333333333334,3,0,5,2020,0,22.0,70.0,166.0
2020-05-18,enf,2,20.195,1.36,1,0.0,0.0,0.0,0.5,0,0,5,2020,0,4.0,5.0,9.0
2020-05-18,speech therapy,30,21.957666666666668,0.11366666666666667,1,0.03333333333333333,0.0,0.03333333333333333,0.23333333333333334,5,0,5,2020,0,36.0,74.0,115.0
2020-05-19,speech therapy,1,25.61,0.82,1,0.0,0.0,0.0,0.0,5,1,5,2020,0,30.0,10.0,92.0
2020-05-19,occupational therapy,1,19.3,0.0,1,0.0,0.0,0.0,0.0,1,1,5,2020,0,19.0,39.0,67.0
2020-05-19,physiotherapy,2,19.615000000000002,0.225,1,0.5,0.5,0.0,0.0,3,1,5,2020,0,24.0,74.0,105.0
2020-05-19,psychotherapy,3,20.536666666666665,0.3233333333333333,1,0.0,0.0,0.0,0.0,4,1,5,2020,0,39.0,11.0,136.0
2020-05-19,pedagogo,1,20.6,0.36,1,0.0,0.0,0.0,0.0,2,1,5,2020,0,7.0,9.0,16.0
2020-05-20,speech therapy,1,17.85,0.11,1,0.0,0.0,0.0,0.0,5,2,5,2020,0,1.0,3.0,1.0
2020-05-20,physiotherapy,1,16.67,0.0,1,0.0,0.0,0.0,0.0,3,2,5,2020,0,2.0,8.0,84.0
2020-05-21,pedagogo,3,23.50333333333333,0.48333333333333334,1,0.0,0.0,0.0,0.6666666666666666,2,3,5,2020,0,1.0,1.0,15.0
2020-05-21,speech therapy,27,20.173703703703705,0.23814814814814814,1,0.07407407407407407,0.1111111111111111,0.0,0.3333333333333333,5,3,5,2020,0,1.0,49.0,117.0
2020-05-21,physiotherapy,16,20.021250000000002,0.094375,1,0.125,0.0625,0.0625,0.4375,3,3,5,2020,0,1.0,45.0,4.0
2020-05-21,psychotherapy,23,21.174347826086954,0.3691304347826087,1,0.043478260869565216,0.043478260869565216,0.043478260869565216,0.30434782608695654,4,3,5,2020,0,3.0,5.0,1.0
2020-05-21,occupational therapy,9,21.994444444444444,0.5022222222222222,1,0.0,0.0,0.0,0.3333333333333333,1,3,5,2020,0,1.0,8.0,49.0
2020-05-21,enf,3,23.41,0.10000000000000002,1,0.0,0.0,0.3333333333333333,0.3333333333333333,0,3,5,2020,0,2.0,4.0,8.0
2020-05-22,occupational therapy,6,19.343333333333334,0.043333333333333335,1,0.0,0.0,0.0,0.0,1,4,5,2020,0,9.0,20.0,1.0
2020-05-22,speech therapy,16,19.37625,0.09937499999999999,1,0.1875,0.125,0.0,0.25,5,4,5,2020,0,27.0,40.0,92.0
2020-05-22,psychotherapy,17,19.67411764705882,0.20058823529411765,1,0.058823529411764705,0.0,0.0,0.4117647058823529,4,4,5,2020,0,23.0,70.0,147.0
2020-05-22,physiotherapy,13,19.470000000000002,0.18615384615384614,1,0.07692307692307693,0.0,0.0,0.7692307692307693,3,4,5,2020,0,16.0,44.0,100.0
2020-05-22,enf,2,19.15,0.025,1,1.0,1.0,0.5,0.0,0,4,5,2020,0,3.0,5.0,15.0
2020-05-22,pedagogo,1,15.27,0.49,1,0.0,0.0,0.0,0.0,2,4,5,2020,0,3.0,2.0,1.0
2020-05-25,psychotherapy,11,20.69818181818182,0.1272727272727273,1,0.09090909090909091,0.09090909090909091,0.09090909090909091,0.5454545454545454,4,0,5,2020,0,6.0,41.0,103.0
2020-05-25,pedagogo,1,22.86,2.38,1,0.0,0.0,0.0,0.0,2,0,5,2020,0,5.0,8.0,9.0
2020-05-25,occupational therapy,5,18.706,0.05600000000000001,1,0.0,0.0,0.0,0.2,1,0,5,2020,0,1.0,7.0,47.0
2020-05-25,speech therapy,10,20.356,0.47000000000000003,1,0.1,0.1,0.1,0.7,5,0,5,2020,0,3.0,30.0,74.0
2020-05-25,physiotherapy,8,18.58375,0.02375,1,0.0,0.0,0.0,0.25,3,0,5,2020,0,4.0,24.0,70.0
2020-05-26,pedagogo,1,19.77,0.0,1,0.0,0.0,0.0,1.0,2,1,5,2020,0,1.0,6.0,17.0
2020-05-27,psychotherapy,2,20.68,0.0,1,0.0,0.0,0.0,0.5,4,2,5,2020,0,11.0,39.0,98.0
2020-05-27,enf,1,25.16,0.0,1,0.0,0.0,0.0,0.0,0,2,5,2020,0,2.0,4.0,5.0
2020-05-28,speech therapy,12,20.914166666666667,0.13749999999999998,1,0.16666666666666666,0.0,0.0,0.25,5,3,5,2020,0,10.0,1.0,10.0
2020-05-28,psychotherapy,20,19.2375,0.2765,1,0.0,0.05,0.0,0.4,4,3,5,2020,0,2.0,3.0,11.0
2020-05-28,pedagogo,1,21.06,0.0,1,0.0,0.0,0.0,0.0,2,3,5,2020,0,1.0,7.0,8.0
2020-05-28,physiotherapy,11,19.533636363636365,0.012727272727272728,1,0.09090909090909091,0.09090909090909091,0.0,0.45454545454545453,3,3,5,2020,0,8.0,2.0,74.0
2020-05-28,occupational therapy,7,18.8,0.47714285714285715,1,0.0,0.14285714285714285,0.0,0.2857142857142857,1,3,5,2020,0,5.0,19.0,44.0
2020-05-29,occupational therapy,4,17.9975,0.3125,1,0.0,0.0,0.0,0.0,1,4,5,2020,0,7.0,1.0,39.0
2020-05-29,pedagogo,2,21.310000000000002,0.0,1,0.0,0.0,0.0,0.5,2,4,5,2020,0,1.0,1.0,9.0
2020-05-29,speech therapy,15,19.5,0.03933333333333333,1,0.06666666666666667,0.0,0.0,0.3333333333333333,5,4,5,2020,0,12.0,1.0,3.0
2020-05-29,psychotherapy,15,21.188666666666666,0.18,1,0.06666666666666667,0.06666666666666667,0.0,0.2,4,4,5,2020,0,20.0,23.0,5.0
2020-05-29,physiotherapy,7,20.84,0.1242857142857143,1,0.14285714285714285,0.14285714285714285,0.0,0.2857142857142857,3,4,5,2020,0,11.0,1.0,8.0
2020-05-29,enf,1,21.73,0.0,1,0.0,0.0,0.0,0.0,0,4,5,2020,0,1.0,5.0,10.0
2020-06-01,psychotherapy,7,18.2,0.10285714285714286,1,0.0,0.0,0.0,0.2857142857142857,4,0,6,2020,0,4.0,6.0,71.0
2020-06-01,speech therapy,3,19.703333333333333,0.18000000000000002,1,0.0,0.3333333333333333,0.0,0.3333333333333333,5,0,6,2020,0,2.0,18.0,60.0
2020-06-01,occupational therapy,6,19.191666666666666,0.295,1,0.0,0.0,0.0,0.5,1,0,6,2020,0,2.0,6.0,20.0
2020-06-01,pedagogo,1,25.51,0.02,1,0.0,0.0,0.0,1.0,2,0,6,2020,0,2.0,3.0,1.0
2020-06-01,physiotherapy,7,18.672857142857143,0.048571428571428564,1,0.0,0.0,0.0,0.2857142857142857,3,0,6,2020,0,3.0,10.0,49.0
2020-06-02,physiotherapy,63,19.826031746031745,0.07888888888888888,1,0.19047619047619047,0.12698412698412698,0.031746031746031744,0.2857142857142857,3,1,6,2020,0,7.0,4.0,22.0
2020-06-02,occupational therapy,43,20.40558139534884,0.1786046511627907,1,0.11627906976744186,0.09302325581395349,0.046511627906976744,0.3488372093023256,1,1,6,2020,0,6.0,9.0,21.0
2020-06-02,enf,5,18.108,0.04,1,0.0,0.0,0.0,0.2,0,1,6,2020,0,1.0,3.0,4.0
2020-06-02,psychotherapy,89,20.03629213483146,0.12426966292134832,1,0.06741573033707865,0.06741573033707865,0.02247191011235955,0.29213483146067415,4,1,6,2020,0,7.0,11.0,41.0
2020-06-02,speech therapy,76,19.90157894736842,0.14342105263157895,1,0.09210526315789473,0.06578947368421052,0.02631578947368421,0.35526315789473684,5,1,6,2020,0,3.0,3.0,36.0
2020-06-02,pedagogo,10,19.648,0.075,1,0.0,0.0,0.0,0.3,2,1,6,2020,0,1.0,1.0,2.0
2020-06-03,physiotherapy,56,19.857142857142858,0.2,1,0.10714285714285714,0.08928571428571429,0.017857142857142856,0.32142857142857145,3,2,6,2020,0,63.0,8.0,24.0
2020-06-03,occupational therapy,23,19.182173913043478,0.2534782608695652,1,0.0,0.0,0.0,0.2608695652173913,1,2,6,2020,0,43.0,1.0,21.0
2020-06-03,pedagogo,8,19.37875,0.21375,1,0.0,0.125,0.0,0.5,2,2,6,2020,0,10.0,5.0,9.0
2020-06-03,psychotherapy,52,20.571153846153848,0.2896153846153846,1,0.057692307692307696,0.07692307692307693,0.019230769230769232,0.28846153846153844,4,2,6,2020,0,89.0,2.0,39.0
2020-06-03,enf,1,26.0,0.3,1,1.0,1.0,0.0,0.0,0,2,6,2020,0,5.0,2.0,5.0
2020-06-03,speech therapy,30,20.62633333333333,0.22433333333333336,1,0.03333333333333333,0.06666666666666667,0.03333333333333333,0.36666666666666664,5,2,6,2020,0,76.0,10.0,30.0
2020-06-04,occupational therapy,24,19.43,0.3416666666666666,1,0.08333333333333333,0.08333333333333333,0.08333333333333333,0.25,1,3,6,2020,0,23.0,5.0,7.0
2020-06-04,pedagogo,12,19.868333333333332,0.22833333333333336,1,0.0,0.0,0.0,0.3333333333333333,2,3,6,2020,0,8.0,1.0,8.0
2020-06-04,psychotherapy,55,20.870727272727276,0.22854545454545455,1,0.03636363636363636,0.01818181818181818,0.01818181818181818,0.2,4,3,6,2020,0,52.0,20.0,3.0
2020-06-04,physiotherapy,56,19.92160714285714,0.09446428571428571,1,0.08928571428571429,0.07142857142857142,0.0,0.35714285714285715,3,3,6,2020,0,56.0,11.0,2.0
2020-06-04,speech therapy,53,20.08698113207547,0.12679245283018867,1,0.05660377358490566,0.05660377358490566,0.0,0.32075471698113206,5,3,6,2020,0,30.0,12.0,1.0
2020-06-04,enf,7,18.888571428571428,0.13,1,0.0,0.0,0.0,0.0,0,3,6,2020,0,1.0,2.0,5.0
2020-06-05,pedagogo,6,19.915000000000003,0.26333333333333336,1,0.0,0.0,0.0,0.3333333333333333,2,4,6,2020,0,12.0,1.0,6.0
2020-06-05,occupational therapy,8,19.43375,0.17375000000000002,1,0.0,0.0,0.0,0.375,1,4,6,2020,0,24.0,7.0,19.0
2020-06-05,speech therapy,23,20.75304347826087,0.3282608695652174,1,0.08695652173913043,0.13043478260869565,0.08695652173913043,0.391304347826087,5,4,6,2020,0,53.0,15.0,1.0
2020-06-05,physiotherapy,12,19.264166666666668,0.05583333333333334,1,0.3333333333333333,0.0,0.08333333333333333,0.3333333333333333,3,4,6,2020,0,56.0,7.0,1.0
2020-06-05,psychotherapy,26,21.018846153846155,0.08076923076923077,1,0.0,0.0,0.0,0.3076923076923077,4,4,6,2020,0,55.0,15.0,23.0
2020-06-08,speech therapy,2,17.825,0.06,1,0.5,0.5,0.0,0.0,5,0,6,2020,0,1.0,3.0,18.0
2020-06-08,occupational therapy,2,18.994999999999997,0.08,1,0.0,0.0,0.0,0.5,1,0,6,2020,0,16.0,2.0,9.0
2020-06-08,psychotherapy,3,18.08,0.0033333333333333335,1,0.0,0.0,0.0,0.3333333333333333,4,0,6,2020,0,1.0,7.0,6.0
2020-06-08,physiotherapy,4,20.705,0.01,1,0.25,0.25,0.0,0.0,3,0,6,2020,0,1.0,7.0,10.0
2020-06-08,pedagogo,1,19.11,0.0,1,0.0,0.0,0.0,0.0,2,0,6,2020,0,6.0,2.0,1.0
2020-06-09,speech therapy,98,20.59785714285714,0.095,1,0.12244897959183673,0.07142857142857142,0.030612244897959183,0.25510204081632654,5,1,6,2020,0,2.0,76.0,3.0
2020-06-09,physiotherapy,91,20.035714285714285,0.21362637362637363,1,0.12087912087912088,0.06593406593406594,0.054945054945054944,0.37362637362637363,3,1,6,2020,0,4.0,63.0,4.0
2020-06-09,psychotherapy,137,20.034452554744526,0.16328467153284673,1,0.043795620437956206,0.08759124087591241,0.029197080291970802,0.29927007299270075,4,1,6,2020,0,3.0,89.0,11.0
2020-06-09,enf,5,23.794,0.14,1,0.6,0.6,0.4,0.2,0,1,6,2020,0,1.0,2.0,4.0
2020-06-09,pedagogo,15,19.47533333333333,0.27066666666666667,1,0.0,0.06666666666666667,0.0,0.3333333333333333,2,1,6,2020,0,1.0,1.0,3.0
2020-06-09,occupational therapy,58,20.62948275862069,0.31189655172413794,1,0.05172413793103448,0.034482758620689655,0.017241379310344827,0.25862068965517243,1,1,6,2020,0,2.0,6.0,6.0
2020-06-10,physiotherapy,107,20.084205607476637,0.21373831775700936,1,0.12149532710280374,0.08411214953271028,0.018691588785046728,0.32710280373831774,3,2,6,2020,0,91.0,56.0,8.0
2020-06-10,enf,6,21.958333333333332,0.08833333333333333,1,0.16666666666666666,0.16666666666666666,0.0,0.3333333333333333,0,2,6,2020,0,5.0,1.0,2.0
2020-06-10,pedagogo,19,19.519473684210528,0.1763157894736842,1,0.0,0.05263157894736842,0.0,0.10526315789473684,2,2,6,2020,0,15.0,10.0,1.0
2020-06-10,occupational therapy,56,19.715,0.18321428571428572,1,0.0,0.0,0.017857142857142856,0.23214285714285715,1,2,6,2020,0,58.0,43.0,9.0
2020-06-10,speech therapy,123,20.1950406504065,0.18154471544715448,1,0.032520325203252036,0.04065040650406504,0.016260162601626018,0.3089430894308943,5,2,6,2020,0,98.0,30.0,10.0
2020-06-10,psychotherapy,124,19.60072580645161,0.21911290322580643,1,0.024193548387096774,0.024193548387096774,0.008064516129032258,0.3790322580645161,4,2,6,2020,0,137.0,52.0,2.0
2020-06-11,speech therapy,141,20.485531914893617,0.1698581560283688,1,0.06382978723404255,0.05673758865248227,0.0070921985815602835,0.2695035460992908,5,3,6,2020,0,123.0,53.0,12.0
2020-06-11,pedagogo,7,19.284285714285716,0.3157142857142857,1,0.0,0.0,0.0,0.42857142857142855,2,3,6,2020,0,19.0,8.0,5.0
2020-06-11,occupational therapy,75,19.996933333333335,0.19573333333333334,1,0.08,0.05333333333333334,0.04,0.3333333333333333,1,3,6,2020,0,56.0,23.0,1.0
2020-06-11,psychotherapy,167,20.158622754491017,0.1991616766467066,1,0.029940119760479042,0.041916167664670656,0.017964071856287425,0.32934131736526945,4,3,6,2020,0,124.0,55.0,20.0
2020-06-11,physiotherapy,108,20.36722222222222,0.2222222222222222,1,0.19444444444444445,0.1388888888888889,0.07407407407407407,0.3148148148148148,3,3,6,2020,0,107.0,56.0,11.0
2020-06-11,enf,6,20.195,0.25666666666666665,1,0.3333333333333333,0.16666666666666666,0.0,0.16666666666666666,0,3,6,2020,0,6.0,5.0,3.0
2020-06-12,psychotherapy,110,19.725363636363635,0.14163636363636364,1,0.045454545454545456,0.02727272727272727,0.00909090909090909,0.3181818181818182,4,4,6,2020,0,167.0,26.0,15.0
2020-06-12,speech therapy,84,20.347976190476192,0.18678571428571428,1,0.03571428571428571,0.023809523809523808,0.023809523809523808,0.2261904761904762,5,4,6,2020,0,141.0,23.0,15.0
2020-06-12,physiotherapy,83,20.653132530120484,0.18722891566265062,1,0.20481927710843373,0.12048192771084337,0.03614457831325301,0.3373493975903614,3,4,6,2020,0,108.0,12.0,7.0
2020-06-12,enf,4,18.5675,0.0,1,0.0,0.0,0.0,0.25,0,4,6,2020,0,6.0,1.0,2.0
2020-06-12,occupational therapy,29,19.18448275862069,0.22482758620689658,1,0.13793103448275862,0.10344827586206896,0.10344827586206896,0.4827586206896552,1,4,6,2020,0,75.0,24.0,5.0
2020-06-12,pedagogo,11,19.242727272727272,0.12454545454545453,1,0.0,0.0,0.0,0.09090909090909091,2,4,6,2020,0,7.0,12.0,1.0
2020-06-15,physiotherapy,1,25.07,0.28,1,0.0,0.0,0.0,0.0,3,0,6,2020,0,3.0,4.0,7.0
2020-06-15,occupational therapy,4,19.5375,0.045000000000000005,1,0.25,0.0,0.0,0.75,1,0,6,2020,0,1.0,2.0,2.0
2020-06-15,speech therapy,2,20.41,0.005,1,0.0,0.5,0.0,0.5,5,0,6,2020,0,3.0,2.0,3.0
2020-06-16,psychotherapy,60,20.010333333333335,0.147,1,0.03333333333333333,0.03333333333333333,0.0,0.4,4,1,6,2020,0,4.0,3.0,7.0
2020-06-16,pedagogo,8,21.33875,0.1125,1,0.0,0.0,0.0,0.25,2,1,6,2020,0,26.0,6.0,1.0
2020-06-16,physiotherapy,33,20.541818181818183,0.1396969696969697,1,0.15151515151515152,0.18181818181818182,0.06060606060606061,0.3333333333333333,3,1,6,2020,0,1.0,91.0,63.0
2020-06-16,occupational therapy,30,20.125666666666667,0.078,1,0.1,0.06666666666666667,0.03333333333333333,0.4,1,1,6,2020,0,4.0,58.0,6.0
2020-06-16,enf,4,19.765,0.1975,1,0.25,0.25,0.0,0.25,0,1,6,2020,0,8.0,1.0,1.0
2020-06-16,speech therapy,52,20.834615384615386,0.2871153846153846,1,0.057692307692307696,0.0,0.0,0.34615384615384615,5,1,6,2020,0,2.0,98.0,76.0
2020-06-17,psychotherapy,93,19.830645161290324,0.16150537634408602,1,0.053763440860215055,0.043010752688172046,0.010752688172043012,0.3655913978494624,4,2,6,2020,0,60.0,137.0,89.0
2020-06-17,physiotherapy,86,19.529651162790696,0.17569767441860465,1,0.08139534883720931,0.06976744186046512,0.023255813953488372,0.313953488372093,3,2,6,2020,0,33.0,107.0,56.0
2020-06-17,enf,5,18.546,0.10200000000000001,1,0.0,0.0,0.0,0.6,0,2,6,2020,0,4.0,1.0,1.0
2020-06-17,pedagogo,18,20.137222222222224,0.25333333333333335,1,0.0,0.0,0.0,0.4444444444444444,2,2,6,2020,0,8.0,1.0,2.0
2020-06-17,occupational therapy,28,19.732142857142858,0.2178571428571429,1,0.03571428571428571,0.0,0.0,0.4642857142857143,1,2,6,2020,0,30.0,56.0,43.0
2020-06-17,speech therapy,71,19.8843661971831,0.2729577464788732,1,0.09859154929577464,0.04225352112676056,0.04225352112676056,0.352112676056338,5,2,6,2020,0,52.0,123.0,30.0
2020-06-18,speech therapy,81,20.694938271604936,0.2145679012345679,1,0.04938271604938271,0.06172839506172839,0.024691358024691357,0.345679012345679,5,3,6,2020,0,71.0,141.0,53.0
2020-06-18,enf,6,20.385,0.38999999999999996,1,0.5,0.3333333333333333,0.0,0.16666666666666666,0,3,6,2020,0,5.0,5.0,2.0
2020-06-18,occupational therapy,28,20.243571428571432,0.3917857142857143,1,0.03571428571428571,0.07142857142857142,0.0,0.32142857142857145,1,3,6,2020,0,28.0,75.0,23.0
2020-06-18,pedagogo,12,20.575833333333332,0.22083333333333333,1,0.0,0.0,0.08333333333333333,0.4166666666666667,2,3,6,2020,0,18.0,15.0,1.0
2020-06-18,physiotherapy,69,20.511304347826087,0.12565217391304348,1,0.391304347826087,0.13043478260869565,0.13043478260869565,0.30434782608695654,3,3,6,2020,0,86.0,108.0,56.0
2020-06-18,psychotherapy,93,20.67494623655914,0.22634408602150538,1,0.06451612903225806,0.010752688172043012,0.010752688172043012,0.3118279569892473,4,3,6,2020,0,93.0,124.0,52.0
2020-06-19,pedagogo,2,22.72,0.37,1,0.0,0.0,0.0,0.0,2,4,6,2020,0,12.0,19.0,10.0
2020-06-19,enf,2,21.25,1.1,1,0.5,0.5,0.0,0.5,0,4,6,2020,0,6.0,6.0,1.0
2020-06-19,physiotherapy,38,20.373157894736842,0.14657894736842106,1,0.13157894736842105,0.21052631578947367,0.02631578947368421,0.34210526315789475,3,4,6,2020,0,69.0,83.0,12.0
2020-06-19,speech therapy,39,19.995641025641028,0.1764102564102564,1,0.02564102564102564,0.05128205128205128,0.0,0.5384615384615384,5,4,6,2020,0,81.0,84.0,23.0
2020-06-19,psychotherapy,41,20.502926829268294,0.19829268292682928,1,0.024390243902439025,0.04878048780487805,0.024390243902439025,0.14634146341463414,4,4,6,2020,0,93.0,167.0,55.0
2020-06-19,occupational therapy,18,20.93277777777778,0.17555555555555558,1,0.1111111111111111,0.1111111111111111,0.05555555555555555,0.16666666666666666,1,4,6,2020,0,28.0,29.0,24.0
2020-06-22,pedagogo,23,20.567391304347826,0.26608695652173914,1,0.0,0.08695652173913043,0.0,0.2608695652173913,2,0,6,2020,0,10.0,11.0,12.0
2020-06-22,physiotherapy,118,19.814661016949152,0.17033898305084746,1,0.15254237288135594,0.16101694915254236,0.07627118644067797,0.2627118644067797,3,0,6,2020,0,3.0,1.0,4.0
2020-06-22,speech therapy,116,20.69318965517241,0.19232758620689655,1,0.05172413793103448,0.02586206896551724,0.0,0.25,5,0,6,2020,0,1.0,2.0,2.0
2020-06-22,occupational therapy,50,19.242,0.20319999999999996,1,0.06,0.04,0.02,0.22,1,0,6,2020,0,57.0,1.0,16.0
2020-06-22,psychotherapy,173,20.356878612716763,0.16982658959537572,1,0.04046242774566474,0.011560693641618497,0.023121387283236993,0.30057803468208094,4,0,6,2020,0,1.0,4.0,1.0
2020-06-22,enf,5,19.008,0.002,1,0.6,0.4,0.2,0.0,0,0,6,2020,0,3.0,4.0,1.0
2020-06-23,occupational therapy,52,19.899807692307693,0.1325,1,0.07692307692307693,0.038461538461538464,0.019230769230769232,0.34615384615384615,1,1,6,2020,0,50.0,4.0,2.0
2020-06-23,pedagogo,18,20.329444444444444,0.1788888888888889,1,0.0,0.05555555555555555,0.0,0.3333333333333333,2,1,6,2020,0,23.0,26.0,6.0
2020-06-23,psychotherapy,83,20.826626506024095,0.1589156626506024,1,0.024096385542168676,0.04819277108433735,0.0,0.30120481927710846,4,1,6,2020,0,173.0,60.0,3.0
2020-06-23,speech therapy,102,20.85029411764706,0.17215686274509803,1,0.09803921568627451,0.06862745098039216,0.0196078431372549,0.3333333333333333,5,1,6,2020,0,116.0,52.0,98.0
2020-06-23,physiotherapy,92,19.781195652173913,0.12641304347826085,1,0.10869565217391304,0.09782608695652174,0.05434782608695652,0.40217391304347827,3,1,6,2020,0,118.0,33.0,91.0
2020-06-23,enf,4,21.125,0.29,1,0.25,0.25,0.0,0.0,0,1,6,2020,0,5.0,8.0,7.0
2020-06-24,enf,8,20.0275,0.0925,1,0.0,0.125,0.125,0.375,0,2,6,2020,0,4.0,4.0,1.0
2020-06-24,psychotherapy,155,20.249935483870967,0.1755483870967742,1,0.03225806451612903,0.012903225806451613,0.025806451612903226,0.25806451612903225,4,2,6,2020,0,83.0,93.0,137.0
2020-06-24,speech therapy,106,20.275188679245282,0.1519811320754717,1,0.05660377358490566,0.05660377358490566,0.009433962264150943,0.3018867924528302,5,2,6,2020,0,102.0,71.0,123.0
2020-06-24,occupational therapy,50,20.1202,0.145,1,0.08,0.04,0.04,0.28,1,2,6,2020,0,52.0,30.0,58.0
2020-06-24,pedagogo,23,19.80304347826087,0.36434782608695654,1,0.0,0.0,0.0,0.30434782608695654,2,2,6,2020,0,18.0,8.0,6.0
2020-06-24,physiotherapy,113,19.962566371681415,0.1486725663716814,1,0.08849557522123894,0.07964601769911504,0.04424778761061947,0.3008849557522124,3,2,6,2020,0,92.0,86.0,107.0
2020-06-25,psychotherapy,120,20.060916666666667,0.24441666666666664,1,0.06666666666666667,0.05,0.008333333333333333,0.375,4,3,6,2020,0,155.0,93.0,124.0
2020-06-25,physiotherapy,65,19.675230769230772,0.20815384615384613,1,0.2153846153846154,0.07692307692307693,0.03076923076923077,0.26153846153846155,3,3,6,2020,0,113.0,69.0,108.0
2020-06-25,pedagogo,9,20.256666666666668,0.2577777777777778,1,0.0,0.0,0.0,0.1111111111111111,2,3,6,2020,0,23.0,18.0,1.0
2020-06-25,speech therapy,91,20.797142857142855,0.1710989010989011,1,0.02197802197802198,0.03296703296703297,0.02197802197802198,0.3076923076923077,5,3,6,2020,0,106.0,81.0,141.0
2020-06-25,enf,5,22.434,0.084,1,0.2,0.2,0.2,0.2,0,3,6,2020,0,8.0,5.0,1.0
2020-06-25,occupational therapy,41,20.208780487804876,0.2095121951219512,1,0.024390243902439025,0.04878048780487805,0.0,0.3902439024390244,1,3,6,2020,0,50.0,28.0,56.0
2020-06-26,speech therapy,86,20.572790697674417,0.1911627906976744,1,0.03488372093023256,0.03488372093023256,0.03488372093023256,0.2558139534883721,5,4,6,2020,0,91.0,39.0,84.0
2020-06-26,occupational therapy,48,19.436458333333334,0.2866666666666667,1,0.041666666666666664,0.041666666666666664,0.020833333333333332,0.22916666666666666,1,4,6,2020,0,41.0,28.0,75.0
2020-06-26,psychotherapy,101,20.134653465346535,0.13465346534653466,1,0.04950495049504951,0.0297029702970297,0.009900990099009901,0.4158415841584158,4,4,6,2020,0,120.0,41.0,167.0
2020-06-26,pedagogo,21,20.47190476190476,0.19142857142857145,1,0.0,0.0,0.0,0.23809523809523808,2,4,6,2020,0,9.0,12.0,15.0
2020-06-26,enf,5,21.098,0.06,1,0.0,0.0,0.0,0.2,0,4,6,2020,0,5.0,6.0,5.0
2020-06-26,physiotherapy,85,19.958000000000002,0.176,1,0.1411764705882353,0.09411764705882353,0.047058823529411764,0.3176470588235294,3,4,6,2020,0,65.0,38.0,83.0
2020-06-29,physiotherapy,68,19.983823529411765,0.19897058823529412,1,0.19117647058823528,0.10294117647058823,0.029411764705882353,0.29411764705882354,3,0,6,2020,0,51.0,3.0,3.0
2020-06-29,speech therapy,72,20.850555555555555,0.11374999999999999,1,0.027777777777777776,0.027777777777777776,0.05555555555555555,0.2777777777777778,5,0,6,2020,0,44.0,116.0,2.0
2020-06-29,occupational therapy,32,19.209375,0.23,1,0.0625,0.0,0.0,0.3125,1,0,6,2020,0,26.0,50.0,1.0
2020-06-29,psychotherapy,92,20.020434782608696,0.14239130434782607,1,0.07608695652173914,0.07608695652173914,0.0,0.358695652173913,4,0,6,2020,0,66.0,173.0,4.0
2020-06-29,enf,7,20.79,0.09999999999999999,1,0.2857142857142857,0.0,0.0,0.42857142857142855,0,0,6,2020,0,7.0,3.0,6.0
2020-06-29,pedagogo,18,20.579444444444444,0.31166666666666665,1,0.0,0.0,0.0,0.3888888888888889,2,0,6,2020,0,12.0,10.0,7.0
2020-06-30,occupational therapy,24,19.09875,0.19875,1,0.125,0.041666666666666664,0.0,0.20833333333333334,1,1,6,2020,0,32.0,52.0,4.0
2020-06-30,psychotherapy,76,20.586710526315787,0.17486842105263156,1,0.02631578947368421,0.02631578947368421,0.02631578947368421,0.27631578947368424,4,1,6,2020,0,92.0,83.0,60.0
2020-06-30,speech therapy,52,20.776346153846152,0.10807692307692308,1,0.038461538461538464,0.057692307692307696,0.019230769230769232,0.3269230769230769,5,1,6,2020,0,72.0,102.0,52.0
2020-06-30,enf,4,21.69,0.095,1,0.5,0.5,0.25,0.5,0,1,6,2020,0,7.0,5.0,4.0
2020-06-30,physiotherapy,49,20.604081632653063,0.12775510204081633,1,0.12244897959183673,0.10204081632653061,0.04081632653061224,0.2857142857142857,3,1,6,2020,0,68.0,118.0,1.0
2020-06-30,pedagogo,7,19.650000000000002,0.18285714285714283,1,0.0,0.0,0.0,0.42857142857142855,2,1,6,2020,0,18.0,23.0,11.0
2020-07-01,enf,3,21.13,0.043333333333333335,1,0.6666666666666666,0.0,0.0,0.3333333333333333,0,2,7,2020,0,4.0,4.0,8.0
2020-07-01,speech therapy,59,20.74813559322034,0.1876271186440678,1,0.1016949152542373,0.06779661016949153,0.03389830508474576,0.2542372881355932,5,2,7,2020,0,52.0,106.0,71.0
2020-07-01,physiotherapy,46,21.393695652173914,0.07152173913043479,1,0.15217391304347827,0.06521739130434782,0.08695652173913043,0.32608695652173914,3,2,7,2020,0,49.0,92.0,33.0
2020-07-01,pedagogo,6,20.531666666666666,0.016666666666666666,1,0.0,0.16666666666666666,0.0,0.0,2,2,7,2020,0,7.0,18.0,26.0
2020-07-01,psychotherapy,68,20.14573529411765,0.16779411764705882,1,0.04411764705882353,0.058823529411764705,0.014705882352941176,0.29411764705882354,4,2,7,2020,0,76.0,155.0,93.0
2020-07-01,occupational therapy,21,19.015238095238097,0.23523809523809525,1,0.09523809523809523,0.09523809523809523,0.047619047619047616,0.14285714285714285,1,2,7,2020,0,24.0,50.0,30.0
2020-07-02,speech therapy,47,19.84744680851064,0.1674468085106383,1,0.06382978723404255,0.06382978723404255,0.02127659574468085,0.2765957446808511,5,3,7,2020,0,59.0,91.0,81.0
2020-07-02,physiotherapy,44,21.31772727272727,0.20431818181818182,1,0.22727272727272727,0.1590909090909091,0.11363636363636363,0.1590909090909091,3,3,7,2020,0,46.0,113.0,86.0
2020-07-02,psychotherapy,72,20.94125,0.24152777777777779,1,0.013888888888888888,0.041666666666666664,0.0,0.3194444444444444,4,3,7,2020,0,68.0,120.0,93.0
2020-07-02,pedagogo,7,18.38714285714286,0.26857142857142857,1,0.0,0.0,0.0,0.14285714285714285,2,3,7,2020,0,6.0,23.0,8.0
2020-07-02,occupational therapy,30,21.83966666666667,0.15233333333333335,1,0.03333333333333333,0.06666666666666667,0.06666666666666667,0.3333333333333333,1,3,7,2020,0,21.0,41.0,28.0
2020-07-02,enf,4,20.7325,0.0975,1,0.5,0.5,0.0,0.25,0,3,7,2020,0,3.0,8.0,4.0
2020-07-03,psychotherapy,1,14.5,0.01,1,1.0,0.0,0.0,0.0,4,4,7,2020,0,72.0,101.0,41.0
2020-07-03,physiotherapy,1,18.5,1.96,1,0.0,0.0,0.0,0.0,3,4,7,2020,0,44.0,65.0,69.0
2020-07-03,occupational therapy,1,21.81,0.0,1,0.0,0.0,0.0,0.0,1,4,7,2020,0,30.0,48.0,28.0
2020-07-03,speech therapy,1,16.3,0.0,1,0.0,0.0,0.0,0.0,5,4,7,2020,0,47.0,86.0,39.0
2020-07-06,physiotherapy,142,20.124577464788732,0.16408450704225352,1,0.1267605633802817,0.15492957746478872,0.04225352112676056,0.30985915492957744,3,0,7,2020,0,136.0,68.0,3.0
2020-07-06,occupational therapy,80,20.020875,0.121125,1,0.0875,0.075,0.0,0.2625,1,0,7,2020,0,71.0,32.0,50.0
2020-07-06,enf,11,21.01,0.07727272727272727,1,0.36363636363636365,0.2727272727272727,0.09090909090909091,0.36363636363636365,0,0,7,2020,0,20.0,7.0,2.0
2020-07-06,speech therapy,127,20.076062992125983,0.14574803149606297,1,0.03937007874015748,0.03937007874015748,0.007874015748031496,0.25196850393700787,5,0,7,2020,0,153.0,72.0,116.0
2020-07-06,pedagogo,32,20.485625,0.1275,1,0.0,0.0,0.0,0.34375,2,0,7,2020,0,16.0,12.0,2.0
2020-07-06,psychotherapy,182,20.229120879120877,0.19769230769230767,1,0.02197802197802198,0.06043956043956044,0.016483516483516484,0.33516483516483514,4,0,7,2020,0,155.0,92.0,173.0
2020-07-07,pedagogo,11,21.715454545454545,0.21818181818181817,1,0.0,0.0,0.0,0.18181818181818182,2,1,7,2020,0,32.0,18.0,10.0
2020-07-07,physiotherapy,78,19.7424358974359,0.09576923076923076,1,0.1794871794871795,0.15384615384615385,0.0641025641025641,0.2692307692307692,3,1,7,2020,0,142.0,49.0,118.0
2020-07-07,psychotherapy,109,20.377889908256883,0.14660550458715596,1,0.03669724770642202,0.045871559633027525,0.027522935779816515,0.24770642201834864,4,1,7,2020,0,182.0,76.0,83.0
2020-07-07,speech therapy,94,20.6968085106383,0.17063829787234042,1,0.06382978723404255,0.031914893617021274,0.031914893617021274,0.3404255319148936,5,1,7,2020,0,127.0,52.0,102.0
2020-07-07,occupational therapy,32,19.721875,0.24625,1,0.09375,0.15625,0.09375,0.375,1,1,7,2020,0,80.0,24.0,52.0
2020-07-07,enf,5,21.568,0.78,1,0.4,0.6,0.0,0.4,0,1,7,2020,0,11.0,7.0,3.0
2020-07-08,occupational therapy,55,20.001272727272728,0.23745454545454542,1,0.03636363636363636,0.0,0.01818181818181818,0.2545454545454545,1,2,7,2020,0,32.0,21.0,50.0
2020-07-08,enf,7,22.631428571428568,0.08857142857142856,1,0.5714285714285714,0.14285714285714285,0.0,0.14285714285714285,0,2,7,2020,0,5.0,4.0,5.0
2020-07-08,psychotherapy,169,20.31165680473373,0.16757396449704143,1,0.03550295857988166,0.01775147928994083,0.023668639053254437,0.3431952662721893,4,2,7,2020,0,109.0,68.0,155.0
2020-07-08,speech therapy,130,19.983230769230772,0.1973076923076923,1,0.05384615384615385,0.038461538461538464,0.015384615384615385,0.2692307692307692,5,2,7,2020,0,94.0,59.0,106.0
2020-07-08,physiotherapy,96,20.5303125,0.19864583333333333,1,0.16666666666666666,0.11458333333333333,0.020833333333333332,0.3229166666666667,3,2,7,2020,0,78.0,46.0,92.0
2020-07-08,pedagogo,24,19.5025,0.12625,1,0.0,0.041666666666666664,0.0,0.25,2,2,7,2020,0,11.0,7.0,23.0
2020-07-09,physiotherapy,2,21.46,0.535,1,0.5,0.5,0.0,1.0,3,3,7,2020,0,96.0,44.0,113.0
2020-07-09,psychotherapy,2,18.32,0.025,1,0.0,0.0,0.0,0.0,4,3,7,2020,0,169.0,72.0,120.0
2020-07-09,occupational therapy,1,20.33,0.15,1,0.0,0.0,0.0,0.0,1,3,7,2020,0,55.0,30.0,41.0
2020-07-10,psychotherapy,27,19.794074074074075,0.14555555555555555,1,0.037037037037037035,0.037037037037037035,0.0,0.25925925925925924,4,4,7,2020,0,2.0,1.0,101.0
2020-07-10,occupational therapy,10,20.592000000000002,0.35100000000000003,1,0.0,0.0,0.0,0.3,1,4,7,2020,0,1.0,1.0,48.0
2020-07-10,speech therapy,18,20.48111111111111,0.12222222222222223,1,0.0,0.05555555555555555,0.05555555555555555,0.4444444444444444,5,4,7,2020,0,130.0,47.0,91.0
2020-07-10,physiotherapy,20,20.086,0.053500000000000006,1,0.35,0.2,0.05,0.2,3,4,7,2020,0,2.0,1.0,65.0
2020-07-10,pedagogo,1,19.53,0.51,1,0.0,0.0,0.0,0.0,2,4,7,2020,0,24.0,6.0,18.0
2020-07-10,enf,2,21.619999999999997,0.085,1,0.5,0.5,0.0,1.0,0,4,7,2020,0,7.0,3.0,4.0
2020-07-13,pedagogo,2,24.365000000000002,0.16,1,0.0,0.0,0.0,0.0,2,0,7,2020,0,6.0,19.0,9.0
2020-07-13,speech therapy,17,21.31,0.18470588235294116,1,0.0,0.0,0.058823529411764705,0.29411764705882354,5,0,7,2020,0,15.0,153.0,44.0
2020-07-13,psychotherapy,14,19.747857142857146,0.36499999999999994,1,0.07142857142857142,0.14285714285714285,0.0,0.35714285714285715,4,0,7,2020,0,23.0,182.0,92.0
2020-07-13,physiotherapy,10,19.488,0.10800000000000001,1,0.3,0.2,0.1,0.4,3,0,7,2020,0,8.0,142.0,68.0
2020-07-13,occupational therapy,7,19.794285714285714,0.13999999999999999,1,0.0,0.0,0.0,0.42857142857142855,1,0,7,2020,0,7.0,80.0,32.0
2020-07-13,enf,1,14.18,0.0,1,0.0,0.0,0.0,0.0,0,0,7,2020,0,1.0,12.0,5.0
2020-07-14,enf,2,20.745,0.01,1,0.5,0.5,0.5,1.0,0,1,7,2020,0,1.0,20.0,5.0
2020-07-14,speech therapy,20,19.7285,0.488,1,0.1,0.0,0.05,0.35,5,1,7,2020,0,17.0,127.0,72.0
2020-07-14,psychotherapy,19,20.613684210526316,0.08315789473684211,1,0.05263157894736842,0.05263157894736842,0.0,0.5263157894736842,4,1,7,2020,0,14.0,109.0,76.0
2020-07-14,physiotherapy,15,20.992666666666665,0.2813333333333333,1,0.06666666666666667,0.06666666666666667,0.0,0.3333333333333333,3,1,7,2020,0,10.0,78.0,49.0
2020-07-14,pedagogo,2,20.465,1.155,1,0.0,0.0,0.0,0.5,2,1,7,2020,0,2.0,16.0,21.0
2020-07-14,occupational therapy,17,19.121764705882352,0.11529411764705882,1,0.058823529411764705,0.0,0.0,0.23529411764705882,1,1,7,2020,0,7.0,32.0,24.0
2020-07-15,speech therapy,41,20.988780487804878,0.11853658536585364,1,0.04878048780487805,0.024390243902439025,0.07317073170731707,0.2926829268292683,5,2,7,2020,0,20.0,94.0,52.0
2020-07-15,enf,4,21.3725,0.4325,1,0.5,0.25,0.25,0.25,0,2,7,2020,0,2.0,11.0,7.0
2020-07-15,psychotherapy,48,19.79625,0.15166666666666667,1,0.0,0.020833333333333332,0.0,0.1875,4,2,7,2020,0,19.0,169.0,68.0
2020-07-15,physiotherapy,41,19.149024390243902,0.10000000000000002,1,0.14634146341463414,0.024390243902439025,0.0,0.34146341463414637,3,2,7,2020,0,15.0,96.0,46.0
2020-07-15,pedagogo,7,22.062857142857144,0.027142857142857142,1,0.0,0.0,0.0,0.2857142857142857,2,2,7,2020,0,2.0,32.0,12.0
2020-07-15,occupational therapy,24,19.56416666666667,0.11166666666666668,1,0.0,0.0,0.041666666666666664,0.375,1,2,7,2020,0,17.0,55.0,21.0
2020-07-16,enf,4,19.4325,0.17,1,0.5,0.5,0.25,0.0,0,3,7,2020,0,4.0,5.0,7.0
2020-07-16,speech therapy,59,20.474745762711866,0.17610169491525424,1,0.06779661016949153,0.1016949152542373,0.01694915254237288,0.3050847457627119,5,3,7,2020,0,41.0,130.0,59.0
2020-07-16,physiotherapy,44,19.471818181818183,0.16613636363636364,1,0.11363636363636363,0.09090909090909091,0.022727272727272728,0.25,3,3,7,2020,0,41.0,2.0,44.0
2020-07-16,occupational therapy,25,19.461199999999998,0.055600000000000004,1,0.08,0.08,0.0,0.2,1,3,7,2020,0,24.0,1.0,30.0
2020-07-16,pedagogo,6,19.886666666666667,0.21666666666666667,1,0.0,0.0,0.0,0.6666666666666666,2,3,7,2020,0,7.0,11.0,18.0
2020-07-16,psychotherapy,81,19.898518518518518,0.09074074074074073,1,0.04938271604938271,0.04938271604938271,0.012345679012345678,0.2839506172839506,4,3,7,2020,0,48.0,2.0,72.0
2020-07-17,pedagogo,15,20.128,0.186,1,0.0,0.0,0.0,0.3333333333333333,2,4,7,2020,0,6.0,24.0,7.0
2020-07-17,enf,12,21.010833333333334,0.06999999999999999,1,0.4166666666666667,0.16666666666666666,0.0,0.25,0,4,7,2020,0,4.0,7.0,4.0
2020-07-17,physiotherapy,66,20.27318181818182,0.09681818181818182,1,0.15151515151515152,0.09090909090909091,0.06060606060606061,0.30303030303030304,3,4,7,2020,0,44.0,20.0,1.0
2020-07-17,speech therapy,69,20.50623188405797,0.15072463768115943,1,0.08695652173913043,0.028985507246376812,0.043478260869565216,0.2898550724637681,5,4,7,2020,0,59.0,18.0,47.0
2020-07-17,occupational therapy,35,19.87057142857143,0.22085714285714286,1,0.02857142857142857,0.02857142857142857,0.02857142857142857,0.4,1,4,7,2020,0,25.0,10.0,1.0
2020-07-17,psychotherapy,95,19.79978947368421,0.22452631578947366,1,0.06315789473684211,0.06315789473684211,0.0,0.3157894736842105,4,4,7,2020,0,81.0,27.0,1.0
2020-07-20,speech therapy,10,21.929,0.223,1,0.0,0.0,0.0,0.3,5,0,7,2020,0,52.0,17.0,153.0
2020-07-20,pedagogo,2,22.41,0.02,1,0.0,0.0,0.0,0.5,2,0,7,2020,0,9.0,2.0,19.0
2020-07-20,enf,1,25.16,0.72,1,0.0,0.0,0.0,1.0,0,0,7,2020,0,6.0,1.0,12.0
2020-07-20,physiotherapy,9,19.784444444444446,0.09888888888888889,1,0.0,0.0,0.0,0.4444444444444444,3,0,7,2020,0,60.0,10.0,142.0
2020-07-20,psychotherapy,6,21.59,0.005,1,0.0,0.0,0.0,0.5,4,0,7,2020,0,61.0,14.0,182.0
2020-07-20,occupational therapy,5,18.768,0.002,1,0.0,0.0,0.0,0.4,1,0,7,2020,0,19.0,7.0,80.0
2020-07-22,psychotherapy,1,18.6,0.0,1,0.0,0.0,0.0,0.0,4,2,7,2020,0,6.0,19.0,109.0
2020-07-22,physiotherapy,1,23.28,0.0,1,0.0,0.0,0.0,0.0,3,2,7,2020,0,9.0,15.0,78.0
2020-07-24,speech therapy,1,21.88,0.0,1,0.0,0.0,0.0,0.0,5,4,7,2020,0,10.0,20.0,127.0
2020-07-24,physiotherapy,1,19.42,0.0,1,0.0,0.0,0.0,0.0,3,4,7,2020,0,1.0,41.0,96.0
2020-07-27,pedagogo,35,20.114285714285714,0.19742857142857143,1,0.02857142857142857,0.0,0.0,0.34285714285714286,2,0,7,2020,0,17.0,7.0,32.0
2020-07-27,physiotherapy,182,20.160879120879123,0.12379120879120879,1,0.11538461538461539,0.0989010989010989,0.06593406593406594,0.32967032967032966,3,0,7,2020,0,127.0,52.0,23.0
2020-07-27,speech therapy,226,20.37132743362832,0.16243362831858407,1,0.0752212389380531,0.07079646017699115,0.04424778761061947,0.3053097345132743,5,0,7,2020,0,132.0,59.0,130.0
2020-07-27,occupational therapy,83,19.796626506024094,0.1906024096385542,1,0.060240963855421686,0.03614457831325301,0.0,0.26506024096385544,1,0,7,2020,0,81.0,24.0,55.0
2020-07-27,psychotherapy,242,20.266115702479336,0.17355371900826447,1,0.06198347107438017,0.05371900826446281,0.012396694214876033,0.2975206611570248,4,0,7,2020,0,182.0,95.0,27.0
2020-07-27,enf,9,20.657777777777778,0.08555555555555555,1,0.4444444444444444,0.2222222222222222,0.1111111111111111,0.4444444444444444,0,0,7,2020,0,9.0,4.0,5.0
2020-07-28,pedagogo,22,21.12409090909091,0.10590909090909091,1,0.0,0.0,0.0,0.2727272727272727,2,1,7,2020,0,35.0,6.0,11.0
2020-07-28,physiotherapy,173,20.129190751445087,0.13699421965317918,1,0.15028901734104047,0.09826589595375723,0.03468208092485549,0.3179190751445087,3,1,7,2020,0,182.0,60.0,8.0
2020-07-28,psychotherapy,236,20.530847457627118,0.21754237288135594,1,0.025423728813559324,0.05084745762711865,0.0211864406779661,0.3305084745762712,4,1,7,2020,0,242.0,59.0,47.0
2020-07-28,enf,16,21.319375,0.15,1,0.125,0.125,0.0625,0.3125,0,1,7,2020,0,9.0,12.0,7.0
2020-07-28,occupational therapy,106,20.160660377358493,0.12235849056603774,1,0.03773584905660377,0.02830188679245283,0.009433962264150943,0.3018867924528302,1,1,7,2020,0,83.0,25.0,1.0
2020-07-28,speech therapy,187,20.695935828877005,0.21122994652406418,1,0.0748663101604278,0.0374331550802139,0.0053475935828877,0.3048128342245989,5,1,7,2020,0,226.0,69.0,18.0
2020-07-29,physiotherapy,103,20.330485436893202,0.1654368932038835,1,0.1650485436893204,0.11650485436893204,0.06796116504854369,0.3300970873786408,3,2,7,2020,0,173.0,9.0,10.0
2020-07-29,enf,7,20.86285714285714,0.16,1,0.42857142857142855,0.2857142857142857,0.0,0.42857142857142855,0,2,7,2020,0,16.0,3.0,2.0
2020-07-29,psychotherapy,120,20.517583333333334,0.15408333333333335,1,0.058333333333333334,0.041666666666666664,0.025,0.25833333333333336,4,2,7,2020,0,236.0,61.0,23.0
2020-07-29,speech therapy,107,20.383271028037385,0.20429906542056075,1,0.04672897196261682,0.04672897196261682,0.06542056074766354,0.308411214953271,5,2,7,2020,0,187.0,47.0,29.0
2020-07-29,pedagogo,21,19.613333333333333,0.10666666666666667,1,0.0,0.0,0.0,0.14285714285714285,2,2,7,2020,0,22.0,15.0,24.0
2020-07-29,occupational therapy,45,19.014666666666667,0.21555555555555553,1,0.022222222222222223,0.044444444444444446,0.022222222222222223,0.35555555555555557,1,2,7,2020,0,106.0,35.0,10.0
2020-07-30,physiotherapy,114,19.733947368421052,0.08368421052631578,1,0.14912280701754385,0.11403508771929824,0.05263157894736842,0.2894736842105263,3,3,7,2020,0,103.0,1.0,15.0
2020-07-30,occupational therapy,79,20.615316455696203,0.14962025316455696,1,0.02531645569620253,0.012658227848101266,0.02531645569620253,0.4050632911392405,1,3,7,2020,0,45.0,35.0,12.0
2020-07-30,psychotherapy,171,20.596666666666668,0.19198830409356724,1,0.04678362573099415,0.04678362573099415,0.017543859649122806,0.38596491228070173,4,3,7,2020,0,120.0,6.0,14.0
2020-07-30,pedagogo,25,21.1888,0.252,1,0.0,0.0,0.04,0.36,2,3,7,2020,0,21.0,5.0,1.0
2020-07-30,speech therapy,163,20.696503067484663,0.17024539877300612,1,0.05521472392638037,0.03067484662576687,0.012269938650306749,0.27607361963190186,5,3,7,2020,0,107.0,52.0,15.0
2020-07-30,enf,14,20.209285714285716,0.29714285714285715,1,0.5,0.2857142857142857,0.07142857142857142,0.35714285714285715,0,3,7,2020,0,7.0,6.0,1.0
2020-07-31,speech therapy,3,21.28,0.18333333333333335,1,0.0,0.0,0.0,0.0,5,4,7,2020,0,163.0,10.0,17.0
2020-07-31,physiotherapy,3,21.026666666666667,0.6,1,0.3333333333333333,0.3333333333333333,0.3333333333333333,0.6666666666666666,3,4,7,2020,0,114.0,1.0,41.0
2020-07-31,occupational therapy,2,20.759999999999998,0.03,1,0.0,0.5,0.0,0.0,1,4,7,2020,0,79.0,19.0,7.0
2020-07-31,psychotherapy,9,20.925555555555558,0.8711111111111111,1,0.0,0.0,0.0,0.4444444444444444,4,4,7,2020,0,171.0,1.0,19.0
2020-08-03,pedagogo,13,18.373076923076923,0.29461538461538467,1,0.0,0.0,0.0,0.15384615384615385,2,0,8,2020,0,6.0,2.0,2.0
2020-08-03,enf,4,20.1925,0.3175,1,0.5,0.0,0.0,0.5,0,0,8,2020,0,2.0,1.0,2.0
2020-08-03,occupational therapy,31,19.73193548387097,0.25548387096774194,1,0.03225806451612903,0.0,0.0,0.3548387096774194,1,0,8,2020,0,21.0,83.0,24.0
2020-08-03,speech therapy,81,20.02135802469136,0.13148148148148148,1,0.06172839506172839,0.04938271604938271,0.012345679012345678,0.2839506172839506,5,0,8,2020,0,48.0,132.0,41.0
2020-08-03,physiotherapy,101,20.158514851485148,0.12673267326732673,1,0.13861386138613863,0.0891089108910891,0.0297029702970297,0.3069306930693069,3,0,8,2020,0,36.0,182.0,52.0
2020-08-03,psychotherapy,106,20.32433962264151,0.2994339622641509,1,0.018867924528301886,0.009433962264150943,0.018867924528301886,0.330188679245283,4,0,8,2020,0,65.0,242.0,95.0
2020-08-04,physiotherapy,59,20.488474576271184,0.1388135593220339,1,0.22033898305084745,0.15254237288135594,0.03389830508474576,0.3728813559322034,3,1,8,2020,0,101.0,173.0,60.0
2020-08-04,speech therapy,68,20.246470588235294,0.1525,1,0.058823529411764705,0.029411764705882353,0.014705882352941176,0.29411764705882354,5,1,8,2020,0,81.0,226.0,59.0
2020-08-04,occupational therapy,35,19.810000000000002,0.2377142857142857,1,0.02857142857142857,0.05714285714285714,0.0,0.22857142857142856,1,1,8,2020,0,31.0,106.0,25.0
2020-08-04,psychotherapy,98,19.665,0.19918367346938776,1,0.02040816326530612,0.05102040816326531,0.0,0.21428571428571427,4,1,8,2020,0,106.0,236.0,59.0
2020-08-04,pedagogo,8,18.57625,0.22000000000000003,1,0.0,0.0,0.0,0.375,2,1,8,2020,0,13.0,17.0,2.0
2020-08-04,enf,3,24.16333333333333,0.0033333333333333335,1,0.0,0.0,0.0,0.6666666666666666,0,1,8,2020,0,4.0,9.0,4.0
2020-08-05,pedagogo,3,19.650000000000002,0.36000000000000004,1,0.0,0.0,0.0,0.6666666666666666,2,2,8,2020,0,8.0,35.0,7.0
2020-08-05,occupational therapy,18,21.12388888888889,0.15555555555555556,1,0.1111111111111111,0.16666666666666666,0.05555555555555555,0.3333333333333333,1,2,8,2020,0,35.0,45.0,35.0
2020-08-05,enf,5,18.044,0.038,1,0.4,0.2,0.2,0.4,0,2,8,2020,0,3.0,9.0,4.0
2020-08-05,speech therapy,30,20.06833333333333,0.13666666666666666,1,0.1,0.06666666666666667,0.03333333333333333,0.13333333333333333,5,2,8,2020,0,68.0,187.0,69.0
2020-08-05,physiotherapy,36,20.268055555555556,0.20555555555555557,1,0.08333333333333333,0.05555555555555555,0.027777777777777776,0.25,3,2,8,2020,0,59.0,103.0,9.0
2020-08-05,psychotherapy,46,19.866521739130434,0.15195652173913043,1,0.021739130434782608,0.0,0.021739130434782608,0.2391304347826087,4,2,8,2020,0,98.0,120.0,61.0
2020-08-06,occupational therapy,47,20.550212765957447,0.15021276595744681,1,0.0851063829787234,0.0851063829787234,0.0425531914893617,0.23404255319148937,1,3,8,2020,0,18.0,79.0,35.0
2020-08-06,physiotherapy,112,19.68482142857143,0.13857142857142857,1,0.16964285714285715,0.10714285714285714,0.008928571428571428,0.26785714285714285,3,3,8,2020,0,36.0,114.0,1.0
2020-08-06,pedagogo,18,20.78222222222222,0.18833333333333335,1,0.0,0.0,0.0,0.6111111111111112,2,3,8,2020,0,3.0,22.0,6.0
2020-08-06,psychotherapy,145,20.061172413793102,0.16441379310344828,1,0.013793103448275862,0.034482758620689655,0.006896551724137931,0.296551724137931,4,3,8,2020,0,46.0,171.0,6.0
2020-08-06,speech therapy,127,20.386220472440947,0.18031496062992125,1,0.047244094488188976,0.047244094488188976,0.007874015748031496,0.28346456692913385,5,3,8,2020,0,30.0,107.0,47.0
2020-08-06,enf,7,19.804285714285715,0.10857142857142857,1,0.42857142857142855,0.2857142857142857,0.0,0.14285714285714285,0,3,8,2020,0,5.0,16.0,12.0
2020-08-07,speech therapy,1,21.01,0.24,1,1.0,0.0,0.0,0.0,5,4,8,2020,0,127.0,163.0,52.0
2020-08-07,occupational therapy,1,26.24,0.0,1,0.0,0.0,0.0,1.0,1,4,8,2020,0,47.0,2.0,19.0
2020-08-07,psychotherapy,1,21.21,1.27,1,0.0,0.0,0.0,0.0,4,4,8,2020,0,145.0,9.0,1.0
2020-08-07,physiotherapy,1,15.64,0.6,1,0.0,0.0,0.0,1.0,3,4,8,2020,0,112.0,3.0,1.0
2020-08-10,pedagogo,1,15.65,0.01,1,0.0,0.0,0.0,1.0,2,0,8,2020,0,1.0,25.0,5.0
2020-08-10,speech therapy,13,20.704615384615384,0.10307692307692308,1,0.38461538461538464,0.15384615384615385,0.0,0.46153846153846156,5,0,8,2020,0,13.0,81.0,132.0
2020-08-10,occupational therapy,5,19.631999999999998,0.156,1,0.0,0.0,0.0,0.0,1,0,8,2020,0,3.0,21.0,81.0
2020-08-10,enf,1,22.7,0.0,1,1.0,1.0,0.0,1.0,0,0,8,2020,0,1.0,14.0,6.0
2020-08-10,physiotherapy,12,20.905,0.025833333333333337,1,0.25,0.16666666666666666,0.08333333333333333,0.16666666666666666,3,0,8,2020,0,9.0,101.0,182.0
2020-08-10,psychotherapy,7,21.865714285714287,0.11285714285714286,1,0.14285714285714285,0.14285714285714285,0.0,0.14285714285714285,4,0,8,2020,0,10.0,65.0,182.0
2020-08-11,physiotherapy,3,20.72,0.0,1,0.0,0.0,0.0,0.3333333333333333,3,1,8,2020,0,12.0,59.0,173.0
2020-08-11,pedagogo,1,23.17,0.0,1,0.0,0.0,0.0,0.0,2,1,8,2020,0,1.0,6.0,9.0
2020-08-11,speech therapy,9,21.130000000000003,0.02222222222222222,1,0.1111111111111111,0.0,0.0,0.1111111111111111,5,1,8,2020,0,13.0,68.0,226.0
2020-08-11,psychotherapy,14,19.84357142857143,0.15428571428571428,1,0.0,0.0,0.0,0.2857142857142857,4,1,8,2020,0,7.0,106.0,242.0
2020-08-11,occupational therapy,3,18.540000000000003,0.24333333333333332,1,0.0,0.0,0.0,0.3333333333333333,1,1,8,2020,0,5.0,31.0,83.0
2020-08-11,enf,2,19.955,0.13,1,0.0,0.0,0.0,0.5,0,1,8,2020,0,1.0,2.0,1.0
2020-08-12,occupational therapy,2,19.535,0.005,1,0.0,0.0,0.0,0.5,1,2,8,2020,0,3.0,35.0,106.0
2020-08-12,speech therapy,3,17.663333333333334,0.32,1,0.0,0.0,0.0,0.0,5,2,8,2020,0,9.0,30.0,187.0
2020-08-12,psychotherapy,5,21.21,0.154,1,0.0,0.0,0.0,0.4,4,2,8,2020,0,14.0,98.0,236.0
2020-08-13,occupational therapy,6,21.175,0.13499999999999998,1,0.5,0.3333333333333333,0.0,0.3333333333333333,1,3,8,2020,0,2.0,18.0,45.0
2020-08-13,physiotherapy,6,21.748333333333335,0.04,1,0.16666666666666666,0.0,0.0,0.0,3,3,8,2020,0,3.0,36.0,103.0
2020-08-13,speech therapy,5,18.041999999999998,0.23200000000000004,1,0.0,0.0,0.0,0.2,5,3,8,2020,0,3.0,127.0,107.0
2020-08-13,psychotherapy,9,19.844444444444445,0.17333333333333334,1,0.0,0.0,0.0,0.6666666666666666,4,3,8,2020,0,5.0,46.0,120.0
2020-08-14,enf,1,23.55,0.0,1,1.0,1.0,0.0,0.0,0,4,8,2020,0,2.0,4.0,1.0
2020-08-14,pedagogo,4,23.09,0.0275,1,0.0,0.0,0.0,0.0,2,4,8,2020,0,1.0,13.0,2.0
2020-08-14,occupational therapy,8,20.5475,0.16499999999999998,1,0.0,0.125,0.0,0.5,1,4,8,2020,0,6.0,47.0,79.0
2020-08-14,physiotherapy,6,20.058333333333334,0.06333333333333334,1,0.0,0.0,0.0,0.5,3,4,8,2020,0,6.0,112.0,114.0
2020-08-14,speech therapy,8,22.18125,0.012499999999999999,1,0.0,0.0,0.125,0.375,5,4,8,2020,0,5.0,1.0,163.0
2020-08-14,psychotherapy,11,19.42,0.013636363636363636,1,0.0,0.0,0.0,0.2727272727272727,4,4,8,2020,0,9.0,145.0,171.0
2020-08-17,enf,1,23.2,0.04,1,0.0,0.0,0.0,1.0,0,0,8,2020,0,1.0,5.0,9.0
2020-08-17,speech therapy,1,17.29,0.02,1,1.0,1.0,0.0,0.0,5,0,8,2020,0,1.0,13.0,81.0
2020-08-18,occupational therapy,2,19.59,0.485,1,0.0,0.0,0.0,0.0,1,1,8,2020,0,1.0,5.0,21.0
2020-08-18,speech therapy,3,19.513333333333332,0.05333333333333334,1,0.0,0.0,0.0,0.3333333333333333,5,1,8,2020,0,1.0,9.0,68.0
2020-08-18,psychotherapy,2,21.1,0.23500000000000001,1,0.0,0.0,0.0,0.0,4,1,8,2020,0,2.0,7.0,65.0
2020-08-18,physiotherapy,5,20.912,0.039999999999999994,1,0.2,0.2,0.0,0.4,3,1,8,2020,0,3.0,9.0,36.0
2020-08-19,psychotherapy,2,20.21,0.045,1,0.0,0.0,0.0,0.5,4,2,8,2020,0,2.0,14.0,106.0
2020-08-19,speech therapy,4,17.85,0.034999999999999996,1,0.25,0.5,0.25,0.0,5,2,8,2020,0,3.0,3.0,30.0
2020-08-19,physiotherapy,1,20.6,0.0,1,0.0,0.0,0.0,1.0,3,2,8,2020,0,5.0,12.0,101.0
2020-08-19,occupational therapy,1,21.22,0.29,1,0.0,0.0,0.0,1.0,1,2,8,2020,0,2.0,3.0,31.0
2020-08-20,psychotherapy,34,19.456176470588236,0.13647058823529412,1,0.08823529411764706,0.058823529411764705,0.029411764705882353,0.11764705882352941,4,3,8,2020,0,2.0,5.0,98.0
2020-08-20,pedagogo,6,20.28,0.08,1,0.0,0.0,0.0,0.16666666666666666,2,3,8,2020,0,4.0,8.0,17.0
2020-08-20,physiotherapy,21,20.665714285714287,0.15476190476190477,1,0.14285714285714285,0.14285714285714285,0.047619047619047616,0.23809523809523808,3,3,8,2020,0,1.0,3.0,59.0
2020-08-20,speech therapy,26,19.71076923076923,0.15115384615384617,1,0.07692307692307693,0.07692307692307693,0.038461538461538464,0.4230769230769231,5,3,8,2020,0,4.0,5.0,127.0
2020-08-20,enf,4,23.2675,0.09,1,0.25,0.0,0.0,0.0,0,3,8,2020,0,1.0,7.0,16.0
2020-08-20,occupational therapy,18,20.116666666666667,0.06333333333333334,1,0.05555555555555555,0.1111111111111111,0.05555555555555555,0.2222222222222222,1,3,8,2020,0,1.0,2.0,35.0
2020-08-21,enf,2,20.435000000000002,0.19,1,0.0,0.0,0.0,0.0,0,4,8,2020,0,4.0,1.0,7.0
2020-08-21,pedagogo,4,17.925,0.0025,1,0.0,0.0,0.0,0.25,2,4,8,2020,0,6.0,3.0,35.0
2020-08-21,speech therapy,18,19.58555555555556,0.295,1,0.0,0.16666666666666666,0.05555555555555555,0.2777777777777778,5,4,8,2020,0,26.0,8.0,1.0
2020-08-21,occupational therapy,15,20.759333333333334,0.31,1,0.0,0.0,0.0,0.4,1,4,8,2020,0,18.0,6.0,18.0
2020-08-21,physiotherapy,22,21.01,0.3104545454545455,1,0.18181818181818182,0.09090909090909091,0.0,0.45454545454545453,3,4,8,2020,0,21.0,6.0,36.0
2020-08-21,psychotherapy,26,20.028076923076924,0.32961538461538464,1,0.07692307692307693,0.07692307692307693,0.038461538461538464,0.34615384615384615,4,4,8,2020,0,34.0,9.0,46.0
2020-08-24,physiotherapy,35,20.06257142857143,0.11114285714285714,1,0.08571428571428572,0.08571428571428572,0.02857142857142857,0.37142857142857144,3,0,8,2020,0,13.0,3.0,1.0
2020-08-24,occupational therapy,9,18.866666666666667,0.05222222222222222,1,0.1111111111111111,0.1111111111111111,0.0,0.5555555555555556,1,0,8,2020,0,7.0,1.0,3.0
2020-08-24,psychotherapy,31,20.60451612903226,0.26225806451612904,1,0.06451612903225806,0.03225806451612903,0.0,0.2903225806451613,4,0,8,2020,0,28.0,2.0,10.0
2020-08-24,pedagogo,8,17.925,0.31375,1,0.0,0.125,0.0,0.25,2,0,8,2020,0,3.0,1.0,25.0
2020-08-24,enf,1,22.18,0.0,1,0.0,0.0,0.0,1.0,0,0,8,2020,0,1.0,2.0,2.0
2020-08-24,speech therapy,38,21.024473684210523,0.2605263157894737,1,0.0,0.07894736842105263,0.02631578947368421,0.3157894736842105,5,0,8,2020,0,18.0,1.0,13.0
2020-08-25,physiotherapy,3,17.94666666666667,0.013333333333333334,1,0.3333333333333333,0.0,0.0,0.3333333333333333,3,1,8,2020,0,35.0,5.0,9.0
2020-08-25,psychotherapy,6,19.156666666666666,0.15,1,0.0,0.16666666666666666,0.16666666666666666,0.16666666666666666,4,1,8,2020,0,31.0,2.0,7.0
2020-08-25,pedagogo,1,25.51,0.02,1,0.0,0.0,0.0,0.0,2,1,8,2020,0,8.0,1.0,6.0
2020-08-25,speech therapy,4,20.0275,0.10750000000000001,1,0.0,0.0,0.0,0.25,5,1,8,2020,0,38.0,3.0,9.0
2020-08-26,speech therapy,7,19.650000000000002,0.10571428571428572,1,0.0,0.0,0.0,0.42857142857142855,5,2,8,2020,0,4.0,4.0,3.0
2020-08-26,pedagogo,1,26.77,0.0,1,0.0,0.0,0.0,0.0,2,2,8,2020,0,1.0,4.0,13.0
2020-08-26,psychotherapy,5,21.644,0.18,1,0.0,0.0,0.0,0.2,4,2,8,2020,0,6.0,2.0,14.0
2020-08-26,occupational therapy,2,19.23,0.0,1,0.0,0.5,0.0,0.5,1,2,8,2020,0,9.0,2.0,5.0
2020-08-26,physiotherapy,2,15.315000000000001,0.015,1,0.0,0.5,0.0,0.5,3,2,8,2020,0,3.0,1.0,12.0
2020-08-27,pedagogo,20,19.2835,0.196,1,0.0,0.0,0.0,0.3,2,3,8,2020,0,1.0,6.0,8.0
2020-08-27,speech therapy,93,20.496021505376344,0.20956989247311827,1,0.03225806451612903,0.053763440860215055,0.010752688172043012,0.3655913978494624,5,3,8,2020,0,7.0,26.0,5.0
2020-08-27,psychotherapy,115,20.602608695652176,0.23443478260869566,1,0.008695652173913044,0.043478260869565216,0.017391304347826087,0.3652173913043478,4,3,8,2020,0,5.0,34.0,5.0
2020-08-27,occupational therapy,47,19.798510638297873,0.18893617021276599,1,0.06382978723404255,0.0425531914893617,0.0425531914893617,0.3404255319148936,1,3,8,2020,0,2.0,1.0,3.0
2020-08-27,physiotherapy,68,20.468970588235294,0.17926470588235294,1,0.1323529411764706,0.17647058823529413,0.058823529411764705,0.3235294117647059,3,3,8,2020,0,2.0,21.0,3.0
2020-08-27,enf,8,21.39875,0.20249999999999999,1,0.25,0.125,0.0,0.125,0,3,8,2020,0,1.0,1.0,4.0
2020-08-28,occupational therapy,34,20.321764705882355,0.15147058823529413,1,0.029411764705882353,0.029411764705882353,0.058823529411764705,0.2647058823529412,1,4,8,2020,0,47.0,18.0,2.0
2020-08-28,enf,4,19.2225,0.1,1,0.25,0.25,0.0,0.0,0,4,8,2020,0,8.0,1.0,3.0
2020-08-28,pedagogo,8,18.61125,0.19374999999999998,1,0.0,0.125,0.0,0.25,2,4,8,2020,0,20.0,4.0,3.0
2020-08-28,speech therapy,62,20.940967741935484,0.21983870967741934,1,0.016129032258064516,0.04838709677419355,0.0,0.3064516129032258,5,4,8,2020,0,93.0,18.0,8.0
2020-08-28,physiotherapy,53,19.91566037735849,0.10264150943396227,1,0.1320754716981132,0.03773584905660377,0.018867924528301886,0.3584905660377358,3,4,8,2020,0,68.0,22.0,6.0
2020-08-28,psychotherapy,68,20.689117647058822,0.2539705882352941,1,0.029411764705882353,0.058823529411764705,0.014705882352941176,0.29411764705882354,4,4,8,2020,0,115.0,26.0,9.0
2020-08-31,psychotherapy,188,19.94872340425532,0.17159574468085106,1,0.0425531914893617,0.03723404255319149,0.02127659574468085,0.23404255319148937,4,0,8,2020,0,64.0,31.0,2.0
2020-08-31,pedagogo,21,20.36047619047619,0.23476190476190475,1,0.0,0.0,0.0,0.23809523809523808,2,0,8,2020,0,7.0,8.0,1.0
2020-08-31,enf,14,21.678571428571427,0.33142857142857146,1,0.21428571428571427,0.21428571428571427,0.0,0.14285714285714285,0,0,8,2020,0,2.0,2.0,1.0
2020-08-31,physiotherapy,130,19.87792307692308,0.11692307692307694,1,0.12307692307692308,0.13076923076923078,0.046153846153846156,0.34615384615384615,3,0,8,2020,0,61.0,35.0,3.0
2020-08-31,occupational therapy,75,19.710666666666665,0.15413333333333334,1,0.05333333333333334,0.06666666666666667,0.06666666666666667,0.29333333333333333,1,0,8,2020,0,34.0,7.0,3.0
2020-08-31,speech therapy,128,20.176640625,0.184296875,1,0.0234375,0.03125,0.015625,0.3046875,5,0,8,2020,0,53.0,38.0,1.0
2020-09-01,pedagogo,1,20.73,2.46,1,0.0,0.0,0.0,1.0,2,1,9,2020,0,21.0,1.0,1.0
2020-09-01,psychotherapy,13,21.36230769230769,0.2961538461538461,1,0.07692307692307693,0.07692307692307693,0.15384615384615385,0.3076923076923077,4,1,9,2020,0,188.0,6.0,2.0
2020-09-01,speech therapy,7,19.208571428571428,0.05857142857142857,1,0.0,0.0,0.0,0.2857142857142857,5,1,9,2020,0,128.0,4.0,3.0
2020-09-01,physiotherapy,5,16.444,0.013999999999999999,1,0.0,0.0,0.0,0.2,3,1,9,2020,0,130.0,3.0,5.0
2020-09-01,occupational therapy,7,21.367142857142856,0.12428571428571426,1,0.0,0.0,0.0,0.5714285714285714,1,1,9,2020,0,75.0,9.0,1.0
2020-09-02,speech therapy,4,23.2125,0.0525,1,0.25,0.0,0.0,0.5,5,2,9,2020,0,7.0,7.0,4.0
2020-09-02,psychotherapy,6,18.99,0.0033333333333333335,1,0.0,0.0,0.0,0.16666666666666666,4,2,9,2020,0,13.0,5.0,2.0
2020-09-02,physiotherapy,2,19.84,0.01,1,0.0,0.5,0.0,0.5,3,2,9,2020,0,5.0,2.0,1.0
2020-09-02,enf,1,14.23,0.22,1,0.0,1.0,0.0,1.0,0,2,9,2020,0,14.0,1.0,1.0
2020-09-02,occupational therapy,1,24.65,1.55,1,0.0,0.0,0.0,0.0,1,2,9,2020,0,7.0,2.0,2.0
2020-09-03,speech therapy,94,20.654148936170213,0.2023404255319149,1,0.13829787234042554,0.0851063829787234,0.031914893617021274,0.3191489361702128,5,3,9,2020,0,4.0,93.0,26.0
2020-09-03,occupational therapy,48,19.319791666666667,0.15229166666666666,1,0.020833333333333332,0.0625,0.020833333333333332,0.4166666666666667,1,3,9,2020,0,1.0,47.0,1.0
2020-09-03,psychotherapy,146,20.300342465753424,0.17178082191780822,1,0.0136986301369863,0.02054794520547945,0.0136986301369863,0.3493150684931507,4,3,9,2020,0,6.0,115.0,34.0
2020-09-03,physiotherapy,111,19.69018018018018,0.15243243243243246,1,0.14414414414414414,0.08108108108108109,0.018018018018018018,0.3063063063063063,3,3,9,2020,0,2.0,68.0,21.0
2020-09-03,enf,13,19.56,0.03769230769230769,1,0.5384615384615384,0.3076923076923077,0.15384615384615385,0.46153846153846156,0,3,9,2020,0,1.0,1.0,2.0
2020-09-03,pedagogo,16,20.173125,0.1925,1,0.0,0.0,0.0,0.375,2,3,9,2020,0,1.0,1.0,4.0
2020-09-04,speech therapy,52,19.89,0.1321153846153846,1,0.11538461538461539,0.1346153846153846,0.038461538461538464,0.3269230769230769,5,4,9,2020,0,94.0,62.0,18.0
2020-09-04,enf,4,20.63,0.037500000000000006,1,0.0,0.0,0.0,0.25,0,4,9,2020,0,13.0,8.0,1.0
2020-09-04,occupational therapy,16,20.82375,0.18000000000000002,1,0.125,0.0625,0.0625,0.375,1,4,9,2020,0,48.0,34.0,18.0
2020-09-04,pedagogo,10,20.447,0.133,1,0.0,0.0,0.0,0.4,2,4,9,2020,0,16.0,20.0,6.0
2020-09-04,physiotherapy,50,20.517599999999998,0.17099999999999999,1,0.24,0.14,0.06,0.32,3,4,9,2020,0,111.0,53.0,22.0
2020-09-04,psychotherapy,55,19.934727272727276,0.14763636363636362,1,0.05454545454545454,0.05454545454545454,0.01818181818181818,0.18181818181818182,4,4,9,2020,0,146.0,68.0,26.0
2020-09-07,psychotherapy,71,19.82169014084507,0.16549295774647887,1,0.056338028169014086,0.04225352112676056,0.028169014084507043,0.2112676056338028,4,0,9,2020,0,57.0,188.0,31.0
2020-09-07,pedagogo,5,16.236,0.004,1,0.0,0.0,0.0,0.0,2,0,9,2020,0,5.0,7.0,3.0
2020-09-07,enf,5,20.094,0.11599999999999999,1,0.4,0.4,0.0,0.4,0,0,9,2020,0,4.0,2.0,4.0
2020-09-07,physiotherapy,44,20.017272727272726,0.16272727272727272,1,0.11363636363636363,0.11363636363636363,0.0,0.36363636363636365,3,0,9,2020,0,40.0,130.0,35.0
2020-09-07,speech therapy,45,19.61422222222222,0.13977777777777778,1,0.06666666666666667,0.06666666666666667,0.044444444444444446,0.4222222222222222,5,0,9,2020,0,62.0,128.0,38.0
2020-09-07,occupational therapy,30,19.912666666666667,0.27799999999999997,1,0.0,0.0,0.03333333333333333,0.3333333333333333,1,0,9,2020,0,30.0,75.0,7.0
2020-09-08,speech therapy,2,18.415,0.385,1,0.0,0.0,0.0,0.0,5,1,9,2020,0,45.0,7.0,4.0
2020-09-08,physiotherapy,4,17.9425,0.08,1,0.5,0.25,0.0,0.0,3,1,9,2020,0,44.0,5.0,3.0
2020-09-08,psychotherapy,5,17.576,0.002,1,0.0,0.2,0.0,0.2,4,1,9,2020,0,71.0,13.0,6.0
2020-09-08,occupational therapy,1,16.75,0.0,1,0.0,0.0,0.0,0.0,1,1,9,2020,0,30.0,7.0,9.0
2020-09-09,physiotherapy,1,12.26,0.01,1,0.0,0.0,0.0,0.0,3,2,9,2020,0,4.0,2.0,2.0
2020-09-09,psychotherapy,1,19.41,0.02,1,0.0,0.0,0.0,0.0,4,2,9,2020,0,5.0,6.0,5.0
2020-09-09,speech therapy,2,21.965,0.35,1,0.0,0.0,0.0,0.0,5,2,9,2020,0,2.0,4.0,7.0
2020-09-09,occupational therapy,3,19.776666666666667,0.21,1,0.0,0.0,0.0,0.3333333333333333,1,2,9,2020,0,1.0,1.0,2.0
2020-09-10,physiotherapy,88,19.985795454545453,0.12579545454545454,1,0.1590909090909091,0.10227272727272728,0.056818181818181816,0.32954545454545453,3,3,9,2020,0,1.0,111.0,68.0
2020-09-10,occupational therapy,39,21.316666666666666,0.19974358974358974,1,0.0,0.0,0.0,0.20512820512820512,1,3,9,2020,0,3.0,48.0,47.0
2020-09-10,psychotherapy,125,19.967119999999998,0.17784,1,0.016,0.04,0.016,0.264,4,3,9,2020,0,1.0,146.0,115.0
2020-09-10,enf,5,22.701999999999998,0.28600000000000003,1,0.2,0.0,0.0,0.6,0,3,9,2020,0,5.0,14.0,2.0
2020-09-10,pedagogo,16,19.6025,0.15687500000000001,1,0.0,0.0,0.0,0.25,2,3,9,2020,0,5.0,21.0,8.0
2020-09-10,speech therapy,92,20.228478260869565,0.22532608695652173,1,0.06521739130434782,0.043478260869565216,0.021739130434782608,0.22826086956521738,5,3,9,2020,0,2.0,94.0,93.0
2020-09-11,psychotherapy,52,21.065384615384616,0.09596153846153846,1,0.0,0.019230769230769232,0.0,0.36538461538461536,4,4,9,2020,0,125.0,55.0,68.0
2020-09-11,physiotherapy,31,20.59935483870968,0.12774193548387097,1,0.0967741935483871,0.12903225806451613,0.0,0.25806451612903225,3,4,9,2020,0,88.0,50.0,53.0
2020-09-11,enf,2,21.64,0.11,1,0.5,0.5,0.0,0.0,0,4,9,2020,0,5.0,1.0,1.0
2020-09-11,occupational therapy,21,19.263333333333332,0.1680952380952381,1,0.0,0.0,0.0,0.19047619047619047,1,4,9,2020,0,39.0,16.0,34.0
2020-09-11,speech therapy,39,21.104871794871794,0.06256410256410257,1,0.07692307692307693,0.05128205128205128,0.07692307692307693,0.38461538461538464,5,4,9,2020,0,92.0,52.0,62.0
2020-09-11,pedagogo,4,18.4,0.0225,1,0.0,0.0,0.0,0.75,2,4,9,2020,0,16.0,1.0,1.0
2020-09-14,speech therapy,54,20.58203703703704,0.14703703703703705,1,0.037037037037037035,0.0,0.037037037037037035,0.3148148148148148,5,0,9,2020,0,62.0,45.0,128.0
2020-09-14,physiotherapy,58,20.316206896551723,0.14896551724137932,1,0.13793103448275862,0.1724137931034483,0.05172413793103448,0.22413793103448276,3,0,9,2020,0,61.0,44.0,130.0
2020-09-14,psychotherapy,58,20.38586206896552,0.1960344827586207,1,0.034482758620689655,0.017241379310344827,0.034482758620689655,0.22413793103448276,4,0,9,2020,0,62.0,71.0,188.0
2020-09-14,enf,3,18.676666666666666,0.14,1,0.6666666666666666,0.6666666666666666,0.3333333333333333,0.3333333333333333,0,0,9,2020,0,4.0,7.0,4.0
2020-09-14,pedagogo,13,21.083846153846157,0.3346153846153846,1,0.0,0.0,0.0,0.46153846153846156,2,0,9,2020,0,11.0,4.0,8.0
2020-09-14,occupational therapy,32,20.5125,0.214375,1,0.0625,0.03125,0.0,0.25,1,0,9,2020,0,44.0,30.0,75.0
2020-09-15,occupational therapy,2,14.025,1.275,1,0.0,0.0,0.0,0.0,1,1,9,2020,0,32.0,1.0,7.0
2020-09-15,psychotherapy,5,19.128,0.006,1,0.2,0.2,0.0,0.4,4,1,9,2020,0,58.0,5.0,13.0
2020-09-15,physiotherapy,4,19.287499999999998,0.2,1,0.25,0.25,0.0,0.5,3,1,9,2020,0,58.0,4.0,5.0
2020-09-15,speech therapy,4,21.8025,0.0325,1,0.25,0.0,0.0,0.25,5,1,9,2020,0,54.0,2.0,7.0
2020-09-16,physiotherapy,1,26.23,0.01,1,0.0,0.0,0.0,0.0,3,2,9,2020,0,4.0,1.0,2.0
2020-09-16,pedagogo,1,15.05,0.0,1,0.0,0.0,0.0,0.0,2,2,9,2020,0,13.0,5.0,10.0
2020-09-16,psychotherapy,4,18.6025,0.3525,1,0.0,0.0,0.0,0.75,4,2,9,2020,0,5.0,1.0,6.0
2020-09-16,occupational therapy,1,15.63,0.34,1,0.0,0.0,0.0,0.0,1,2,9,2020,0,2.0,3.0,1.0
2020-09-17,physiotherapy,123,20.084796747967477,0.12999999999999998,1,0.17073170731707318,0.0975609756097561,0.016260162601626018,0.34146341463414637,3,3,9,2020,0,1.0,88.0,111.0
2020-09-17,pedagogo,26,19.78076923076923,0.03769230769230769,1,0.0,0.0,0.0,0.2692307692307692,2,3,9,2020,0,1.0,5.0,7.0
2020-09-17,psychotherapy,158,19.694873417721517,0.2239873417721519,1,0.06962025316455696,0.06329113924050633,0.0189873417721519,0.3670886075949367,4,3,9,2020,0,4.0,125.0,146.0
2020-09-17,enf,12,20.001666666666665,0.03,1,0.3333333333333333,0.25,0.08333333333333333,0.3333333333333333,0,3,9,2020,0,3.0,4.0,7.0
2020-09-17,speech therapy,130,20.55853846153846,0.15976923076923077,1,0.046153846153846156,0.038461538461538464,0.023076923076923078,0.3230769230769231,5,3,9,2020,0,4.0,2.0,4.0
2020-09-17,occupational therapy,51,19.87156862745098,0.15509803921568627,1,0.0196078431372549,0.0196078431372549,0.0,0.23529411764705882,1,3,9,2020,0,1.0,39.0,48.0
2020-09-18,speech therapy,46,20.829565217391302,0.14304347826086958,1,0.043478260869565216,0.10869565217391304,0.043478260869565216,0.3695652173913043,5,4,9,2020,0,130.0,92.0,94.0
2020-09-18,occupational therapy,21,20.14047619047619,0.17333333333333334,1,0.047619047619047616,0.09523809523809523,0.0,0.47619047619047616,1,4,9,2020,0,51.0,21.0,16.0
2020-09-18,enf,4,20.2275,0.2925,1,0.25,0.5,0.0,0.0,0,4,9,2020,0,12.0,5.0,2.0
2020-09-18,psychotherapy,64,20.51796875,0.128125,1,0.046875,0.03125,0.0,0.265625,4,4,9,2020,0,158.0,52.0,55.0
2020-09-18,pedagogo,9,20.977777777777778,0.4099999999999999,1,0.0,0.0,0.0,0.3333333333333333,2,4,9,2020,0,26.0,16.0,21.0
2020-09-18,physiotherapy,52,20.57730769230769,0.14903846153846156,1,0.19230769230769232,0.15384615384615385,0.038461538461538464,0.21153846153846154,3,4,9,2020,0,123.0,31.0,50.0
2020-09-21,pedagogo,15,20.214,0.084,1,0.0,0.0,0.06666666666666667,0.5333333333333333,2,0,9,2020,0,14.0,11.0,10.0
2020-09-21,physiotherapy,60,20.311666666666667,0.09899999999999999,1,0.13333333333333333,0.1,0.11666666666666667,0.36666666666666664,3,0,9,2020,0,63.0,58.0,44.0
2020-09-21,occupational therapy,34,19.26794117647059,0.11058823529411764,1,0.0,0.058823529411764705,0.029411764705882353,0.47058823529411764,1,0,9,2020,0,31.0,32.0,30.0
2020-09-21,psychotherapy,92,20.00228260869565,0.1883695652173913,1,0.043478260869565216,0.03260869565217391,0.0,0.25,4,0,9,2020,0,88.0,58.0,71.0
2020-09-21,enf,6,20.07166666666667,0.006666666666666667,1,0.3333333333333333,0.16666666666666666,0.0,0.0,0,0,9,2020,0,5.0,4.0,13.0
2020-09-21,speech therapy,70,19.810714285714287,0.21485714285714286,1,0.05714285714285714,0.02857142857142857,0.02857142857142857,0.2571428571428571,5,0,9,2020,0,75.0,62.0,62.0
2020-09-22,occupational therapy,8,20.39375,0.28750000000000003,1,0.125,0.0,0.0,0.25,1,1,9,2020,0,34.0,2.0,1.0
2020-09-22,pedagogo,1,22.77,0.0,1,0.0,0.0,0.0,0.0,2,1,9,2020,0,15.0,13.0,4.0
2020-09-22,psychotherapy,4,21.7725,0.525,1,0.0,0.0,0.0,0.5,4,1,9,2020,0,92.0,5.0,5.0
2020-09-22,speech therapy,6,20.968333333333334,0.21166666666666667,1,0.0,0.0,0.0,0.5,5,1,9,2020,0,70.0,54.0,45.0
2020-09-22,physiotherapy,9,20.83,0.2511111111111111,1,0.2222222222222222,0.0,0.1111111111111111,0.2222222222222222,3,1,9,2020,0,60.0,4.0,4.0
2020-09-23,psychotherapy,1,26.21,0.7,1,1.0,1.0,0.0,1.0,4,2,9,2020,0,4.0,4.0,1.0
2020-09-23,speech therapy,3,17.633333333333333,0.01,1,0.0,0.0,0.0,0.6666666666666666,5,2,9,2020,0,6.0,4.0,2.0
2020-09-23,physiotherapy,3,23.433333333333334,0.07666666666666667,1,0.0,0.3333333333333333,0.0,0.3333333333333333,3,2,9,2020,0,9.0,1.0,1.0
2020-09-24,physiotherapy,100,20.2526,0.1542,1,0.2,0.16,0.04,0.33,3,3,9,2020,0,3.0,123.0,88.0
2020-09-24,pedagogo,13,20.936923076923076,0.29,1,0.0,0.0,0.0,0.15384615384615385,2,3,9,2020,0,1.0,1.0,5.0
2020-09-24,enf,13,21.20307692307692,0.09307692307692307,1,0.0,0.07692307692307693,0.0,0.6153846153846154,0,3,9,2020,0,6.0,4.0,4.0
2020-09-24,psychotherapy,132,19.951742424242425,0.1668181818181818,1,0.030303030303030304,0.05303030303030303,0.015151515151515152,0.3712121212121212,4,3,9,2020,0,1.0,158.0,125.0
2020-09-24,occupational therapy,55,20.74418181818182,0.25127272727272726,1,0.05454545454545454,0.01818181818181818,0.05454545454545454,0.21818181818181817,1,3,9,2020,0,8.0,1.0,3.0
2020-09-24,speech therapy,89,20.726629213483147,0.25280898876404495,1,0.11235955056179775,0.06741573033707865,0.02247191011235955,0.3707865168539326,5,3,9,2020,0,3.0,130.0,2.0
2020-09-25,enf,2,21.92,0.04,1,0.5,1.0,0.0,0.5,0,4,9,2020,0,13.0,3.0,7.0
2020-09-25,pedagogo,5,20.416,0.132,1,0.0,0.0,0.0,0.0,2,4,9,2020,0,13.0,26.0,5.0
2020-09-25,occupational therapy,25,20.1076,0.2576,1,0.04,0.08,0.0,0.24,1,4,9,2020,0,55.0,51.0,39.0
2020-09-25,speech therapy,51,20.28686274509804,0.2596078431372549,1,0.0196078431372549,0.058823529411764705,0.0196078431372549,0.3333333333333333,5,4,9,2020,0,89.0,46.0,92.0
2020-09-25,psychotherapy,47,20.80489361702128,0.17276595744680853,1,0.0425531914893617,0.0851063829787234,0.0425531914893617,0.425531914893617,4,4,9,2020,0,132.0,64.0,52.0
2020-09-25,physiotherapy,32,18.871875,0.1009375,1,0.15625,0.21875,0.0,0.40625,3,4,9,2020,0,100.0,52.0,31.0
2020-09-28,physiotherapy,66,20.499545454545455,0.17242424242424242,1,0.15151515151515152,0.07575757575757576,0.030303030303030304,0.36363636363636365,3,0,9,2020,0,50.0,60.0,58.0
2020-09-28,occupational therapy,37,21.045675675675675,0.21783783783783786,1,0.05405405405405406,0.05405405405405406,0.02702702702702703,0.32432432432432434,1,0,9,2020,0,24.0,31.0,44.0
2020-09-28,speech therapy,99,20.407373737373735,0.16656565656565656,1,0.10101010101010101,0.10101010101010101,0.030303030303030304,0.3333333333333333,5,0,9,2020,0,65.0,70.0,62.0
2020-09-28,pedagogo,14,18.96857142857143,0.07571428571428572,1,0.0,0.0,0.0,0.35714285714285715,2,0,9,2020,0,7.0,14.0,4.0
2020-09-28,enf,4,17.0725,0.04,1,0.25,0.5,0.25,0.25,0,0,9,2020,0,2.0,4.0,5.0
2020-09-28,psychotherapy,110,20.111454545454546,0.189,1,0.08181818181818182,0.06363636363636363,0.02727272727272727,0.2636363636363636,4,0,9,2020,0,70.0,92.0,58.0
2020-09-29,physiotherapy,4,19.4375,0.0,1,0.0,0.0,0.0,0.75,3,1,9,2020,0,66.0,9.0,4.0
2020-09-29,psychotherapy,3,13.883333333333333,0.26333333333333336,1,0.3333333333333333,0.0,0.0,0.0,4,1,9,2020,0,110.0,4.0,5.0
2020-09-29,occupational therapy,2,20.1,0.14500000000000002,1,0.0,0.0,0.0,0.0,1,1,9,2020,0,37.0,34.0,32.0
2020-09-29,speech therapy,3,21.77333333333333,0.0,1,0.0,0.0,0.0,0.0,5,1,9,2020,0,99.0,6.0,54.0
2020-09-29,pedagogo,2,20.785,0.0,1,0.0,0.0,0.0,0.0,2,1,9,2020,0,14.0,15.0,11.0
2020-09-30,enf,1,26.24,0.0,1,0.0,0.0,0.0,0.0,0,2,9,2020,0,4.0,3.0,5.0
2020-09-30,physiotherapy,1,20.66,0.03,1,0.0,0.0,0.0,0.0,3,2,9,2020,0,4.0,3.0,1.0
2020-09-30,psychotherapy,3,19.45,0.006666666666666667,1,0.0,0.0,0.0,0.6666666666666666,4,2,9,2020,0,3.0,1.0,4.0
2020-10-01,enf,7,21.174285714285713,0.08428571428571428,1,0.2857142857142857,0.2857142857142857,0.0,0.14285714285714285,0,3,10,2020,0,1.0,5.0,2.0
2020-10-01,physiotherapy,98,20.221020408163266,0.12346938775510204,1,0.17346938775510204,0.1326530612244898,0.061224489795918366,0.29591836734693877,3,3,10,2020,0,1.0,100.0,123.0
2020-10-01,speech therapy,91,20.624725274725275,0.13692307692307693,1,0.03296703296703297,0.03296703296703297,0.06593406593406594,0.26373626373626374,5,3,10,2020,0,3.0,3.0,4.0
2020-10-01,psychotherapy,138,19.83282608695652,0.1515217391304348,1,0.050724637681159424,0.036231884057971016,0.007246376811594203,0.3115942028985507,4,3,10,2020,0,3.0,132.0,158.0
2020-10-01,pedagogo,19,20.028947368421054,0.3136842105263158,1,0.0,0.0,0.0,0.42105263157894735,2,3,10,2020,0,2.0,1.0,13.0
2020-10-01,occupational therapy,56,20.12375,0.20339285714285713,1,0.03571428571428571,0.05357142857142857,0.0,0.2857142857142857,1,3,10,2020,0,2.0,8.0,2.0
2020-10-02,physiotherapy,58,19.98396551724138,0.11051724137931035,1,0.15517241379310345,0.13793103448275862,0.034482758620689655,0.3103448275862069,3,4,10,2020,0,98.0,32.0,52.0
2020-10-02,pedagogo,8,19.36625,0.0875,1,0.0,0.0,0.0,0.125,2,4,10,2020,0,19.0,13.0,1.0
2020-10-02,psychotherapy,66,21.173636363636366,0.1368181818181818,1,0.06060606060606061,0.06060606060606061,0.0,0.22727272727272727,4,4,10,2020,0,138.0,47.0,64.0
2020-10-02,enf,6,20.044999999999998,0.12333333333333334,1,0.16666666666666666,0.0,0.0,0.5,0,4,10,2020,0,7.0,6.0,4.0
2020-10-02,occupational therapy,28,19.435000000000002,0.08142857142857142,1,0.10714285714285714,0.0,0.03571428571428571,0.32142857142857145,1,4,10,2020,0,56.0,55.0,1.0
2020-10-02,speech therapy,63,20.875079365079365,0.26825396825396824,1,0.07936507936507936,0.09523809523809523,0.0,0.2857142857142857,5,4,10,2020,0,91.0,89.0,130.0
2020-10-05,speech therapy,83,19.93024096385542,0.12204819277108435,1,0.024096385542168676,0.012048192771084338,0.0,0.27710843373493976,5,0,10,2020,0,68.0,65.0,75.0
2020-10-05,physiotherapy,71,19.69591549295775,0.14338028169014083,1,0.09859154929577464,0.056338028169014086,0.028169014084507043,0.36619718309859156,3,0,10,2020,0,57.0,66.0,60.0
2020-10-05,enf,5,20.168,0.008,1,0.4,0.2,0.0,0.2,0,0,10,2020,0,1.0,2.0,12.0
2020-10-05,psychotherapy,85,20.261882352941175,0.2625882352941177,1,0.09411764705882353,0.07058823529411765,0.023529411764705882,0.32941176470588235,4,0,10,2020,0,110.0,110.0,92.0
2020-10-05,pedagogo,12,20.6975,0.11833333333333333,1,0.0,0.0,0.0,0.16666666666666666,2,0,10,2020,0,13.0,7.0,8.0
2020-10-05,occupational therapy,35,19.68,0.1457142857142857,1,0.0,0.02857142857142857,0.0,0.2571428571428571,1,0,10,2020,0,28.0,24.0,22.0
2020-10-06,physiotherapy,4,19.535,0.125,1,0.25,0.0,0.0,0.25,3,1,10,2020,0,71.0,4.0,9.0
2020-10-06,occupational therapy,5,23.642000000000003,0.05600000000000001,1,0.2,0.0,0.0,0.4,1,1,10,2020,0,35.0,37.0,31.0
2020-10-06,psychotherapy,6,19.599999999999998,0.060000000000000005,1,0.0,0.0,0.0,0.16666666666666666,4,1,10,2020,0,85.0,3.0,4.0
2020-10-06,speech therapy,3,20.23,0.03333333333333333,1,0.3333333333333333,0.0,0.0,0.6666666666666666,5,1,10,2020,0,83.0,99.0,70.0
2020-10-07,psychotherapy,3,21.116666666666664,0.4633333333333333,1,0.0,0.0,0.0,0.0,4,2,10,2020,0,6.0,3.0,1.0
2020-10-07,speech therapy,4,19.01,0.0025,1,0.25,0.25,0.0,0.5,5,2,10,2020,0,3.0,3.0,6.0
2020-10-07,physiotherapy,1,21.19,0.0,1,0.0,0.0,0.0,1.0,3,2,10,2020,0,4.0,1.0,3.0
2020-10-07,occupational therapy,3,14.939999999999998,0.0033333333333333335,1,0.0,0.0,0.0,0.6666666666666666,1,2,10,2020,0,5.0,2.0,34.0
2020-10-08,psychotherapy,256,20.206875,0.2165625,1,0.05078125,0.0390625,0.01953125,0.34765625,4,3,10,2020,0,3.0,138.0,132.0
2020-10-08,enf,11,19.466363636363635,0.1918181818181818,1,0.2727272727272727,0.36363636363636365,0.0,0.18181818181818182,0,3,10,2020,0,5.0,4.0,4.0
2020-10-08,speech therapy,201,20.598855721393033,0.16323383084577114,1,0.04975124378109453,0.04975124378109453,0.01990049751243781,0.30845771144278605,5,3,10,2020,0,4.0,91.0,3.0
2020-10-08,physiotherapy,191,19.822670157068064,0.1398429319371728,1,0.1518324607329843,0.08900523560209424,0.010471204188481676,0.3036649214659686,3,3,10,2020,0,1.0,98.0,100.0
2020-10-08,occupational therapy,107,19.61495327102804,0.27532710280373834,1,0.07476635514018691,0.056074766355140186,0.009345794392523364,0.3177570093457944,1,3,10,2020,0,3.0,56.0,8.0
2020-10-08,pedagogo,26,21.015,0.15730769230769232,1,0.0,0.0,0.0,0.23076923076923078,2,3,10,2020,0,12.0,14.0,14.0
2020-10-09,pedagogo,6,20.771666666666665,0.23500000000000001,1,0.0,0.0,0.0,0.16666666666666666,2,4,10,2020,0,26.0,2.0,15.0
2020-10-09,physiotherapy,55,20.337999999999997,0.24436363636363637,1,0.12727272727272726,0.12727272727272726,0.01818181818181818,0.23636363636363636,3,4,10,2020,0,191.0,58.0,32.0
2020-10-09,speech therapy,48,19.942083333333333,0.11125,1,0.08333333333333333,0.020833333333333332,0.0,0.2916666666666667,5,4,10,2020,0,201.0,63.0,89.0
2020-10-09,psychotherapy,79,19.828227848101267,0.2108860759493671,1,0.05063291139240506,0.0759493670886076,0.02531645569620253,0.2911392405063291,4,4,10,2020,0,256.0,66.0,47.0
2020-10-09,enf,6,19.378333333333334,0.028333333333333335,1,0.5,0.16666666666666666,0.16666666666666666,0.3333333333333333,0,4,10,2020,0,11.0,1.0,3.0
2020-10-09,occupational therapy,20,20.646,0.12050000000000001,1,0.15,0.05,0.1,0.45,1,4,10,2020,0,107.0,28.0,55.0
2020-10-12,psychotherapy,171,20.181578947368422,0.20719298245614035,1,0.04678362573099415,0.023391812865497075,0.029239766081871343,0.3216374269005848,4,0,10,2020,0,123.0,85.0,110.0
2020-10-12,pedagogo,24,18.886666666666667,0.24250000000000002,1,0.0,0.0,0.0,0.375,2,0,10,2020,0,13.0,6.0,5.0
2020-10-12,enf,6,21.733333333333334,0.325,1,0.3333333333333333,0.3333333333333333,0.0,0.5,0,0,10,2020,0,10.0,1.0,13.0
2020-10-12,speech therapy,130,20.600538461538463,0.14838461538461536,1,0.06153846153846154,0.06153846153846154,0.05384615384615385,0.3,5,0,10,2020,0,107.0,83.0,65.0
2020-10-12,physiotherapy,132,20.496590909090912,0.17424242424242425,1,0.16666666666666666,0.08333333333333333,0.03787878787878788,0.2727272727272727,3,0,10,2020,0,93.0,71.0,66.0
2020-10-12,occupational therapy,81,20.135555555555555,0.20777777777777776,1,0.06172839506172839,0.08641975308641975,0.024691358024691357,0.25925925925925924,1,0,10,2020,0,58.0,35.0,24.0
2020-10-13,enf,3,20.013333333333332,0.0,1,0.6666666666666666,0.6666666666666666,0.3333333333333333,0.6666666666666666,0,1,10,2020,0,6.0,1.0,2.0
2020-10-13,speech therapy,50,20.7444,0.22740000000000002,1,0.04,0.02,0.0,0.3,5,1,10,2020,0,130.0,3.0,99.0
2020-10-13,physiotherapy,34,20.444117647058825,0.15558823529411764,1,0.08823529411764706,0.058823529411764705,0.0,0.29411764705882354,3,1,10,2020,0,132.0,4.0,4.0
2020-10-13,pedagogo,3,17.41,0.0033333333333333335,1,0.0,0.0,0.0,0.3333333333333333,2,1,10,2020,0,24.0,13.0,10.0
2020-10-13,psychotherapy,36,19.986944444444443,0.11888888888888889,1,0.05555555555555555,0.027777777777777776,0.027777777777777776,0.3333333333333333,4,1,10,2020,0,171.0,6.0,3.0
2020-10-13,occupational therapy,17,21.777058823529412,0.2923529411764706,1,0.058823529411764705,0.058823529411764705,0.0,0.29411764705882354,1,1,10,2020,0,81.0,5.0,37.0
2020-10-14,speech therapy,35,21.08857142857143,0.20457142857142857,1,0.14285714285714285,0.05714285714285714,0.05714285714285714,0.22857142857142856,5,2,10,2020,0,50.0,4.0,3.0
2020-10-14,psychotherapy,48,19.64708333333333,0.16520833333333332,1,0.0625,0.08333333333333333,0.0625,0.3333333333333333,4,2,10,2020,0,36.0,3.0,3.0
2020-10-14,occupational therapy,22,20.25090909090909,0.13863636363636364,1,0.045454545454545456,0.13636363636363635,0.0,0.2727272727272727,1,2,10,2020,0,17.0,3.0,2.0
2020-10-14,pedagogo,6,19.44,0.25333333333333335,1,0.0,0.16666666666666666,0.0,0.16666666666666666,2,2,10,2020,0,3.0,12.0,7.0
2020-10-14,physiotherapy,44,20.04159090909091,0.17909090909090908,1,0.09090909090909091,0.045454545454545456,0.022727272727272728,0.45454545454545453,3,2,10,2020,0,34.0,1.0,1.0
2020-10-14,enf,3,17.38,0.0,1,0.0,0.0,0.0,0.3333333333333333,0,2,10,2020,0,3.0,5.0,2.0
2020-10-15,psychotherapy,248,20.32967741935484,0.19987903225806453,1,0.04032258064516129,0.04838709677419355,0.012096774193548387,0.3346774193548387,4,3,10,2020,0,48.0,256.0,138.0
2020-10-15,occupational therapy,111,20.23153153153153,0.18459459459459462,1,0.05405405405405406,0.036036036036036036,0.009009009009009009,0.2882882882882883,1,3,10,2020,0,22.0,107.0,56.0
2020-10-15,speech therapy,190,20.43742105263158,0.1403157894736842,1,0.05789473684210526,0.05263157894736842,0.03684210526315789,0.32105263157894737,5,3,10,2020,0,35.0,201.0,91.0
2020-10-15,pedagogo,35,20.143714285714285,0.21914285714285714,1,0.0,0.02857142857142857,0.0,0.2857142857142857,2,3,10,2020,0,6.0,26.0,14.0
2020-10-15,physiotherapy,179,19.948268156424582,0.1170391061452514,1,0.1340782122905028,0.09497206703910614,0.03910614525139665,0.35195530726256985,3,3,10,2020,0,44.0,191.0,98.0
2020-10-15,enf,16,20.995,0.128125,1,0.125,0.125,0.0625,0.25,0,3,10,2020,0,3.0,11.0,4.0
2020-10-16,occupational therapy,59,19.858813559322034,0.18593220338983052,1,0.06779661016949153,0.0847457627118644,0.03389830508474576,0.3559322033898305,1,4,10,2020,0,111.0,20.0,28.0
2020-10-16,enf,10,19.977,0.11300000000000002,1,0.4,0.2,0.1,0.4,0,4,10,2020,0,16.0,6.0,1.0
2020-10-16,pedagogo,23,19.601739130434783,0.20043478260869563,1,0.0,0.0,0.0,0.391304347826087,2,4,10,2020,0,35.0,6.0,2.0
2020-10-16,physiotherapy,117,20.123418803418804,0.20376068376068376,1,0.18803418803418803,0.1111111111111111,0.02564102564102564,0.3162393162393162,3,4,10,2020,0,179.0,55.0,58.0
2020-10-16,speech therapy,152,20.117368421052632,0.19592105263157897,1,0.05921052631578947,0.046052631578947366,0.006578947368421052,0.3223684210526316,5,4,10,2020,0,190.0,48.0,63.0
2020-10-16,psychotherapy,158,20.514493670886075,0.17449367088607595,1,0.06329113924050633,0.0379746835443038,0.0189873417721519,0.31645569620253167,4,4,10,2020,0,248.0,79.0,66.0
2020-10-19,speech therapy,149,20.616644295302013,0.23463087248322148,1,0.03355704697986577,0.040268456375838924,0.013422818791946308,0.28859060402684567,5,0,10,2020,0,98.0,130.0,83.0
2020-10-19,occupational therapy,80,20.863875,0.3025,1,0.05,0.0875,0.0,0.3375,1,0,10,2020,0,39.0,81.0,35.0
2020-10-19,psychotherapy,211,19.88862559241706,0.1714691943127962,1,0.04265402843601896,0.052132701421800945,0.009478672985781991,0.2985781990521327,4,0,10,2020,0,119.0,171.0,85.0
2020-10-19,physiotherapy,149,20.058791946308727,0.14926174496644296,1,0.18120805369127516,0.14093959731543623,0.03355704697986577,0.28187919463087246,3,0,10,2020,0,78.0,132.0,71.0
2020-10-19,pedagogo,20,19.1605,0.307,1,0.0,0.0,0.0,0.15,2,0,10,2020,0,11.0,24.0,6.0
2020-10-19,enf,10,20.875999999999998,0.049,1,0.6,0.2,0.0,0.4,0,0,10,2020,0,7.0,6.0,1.0
2020-10-20,enf,5,22.088,0.398,1,0.4,0.6,0.2,0.6,0,1,10,2020,0,10.0,3.0,1.0
2020-10-20,occupational therapy,32,20.6128125,0.1821875,1,0.0,0.0,0.0,0.15625,1,1,10,2020,0,80.0,17.0,5.0
2020-10-20,physiotherapy,70,19.614857142857144,0.18214285714285713,1,0.2,0.11428571428571428,0.04285714285714286,0.44285714285714284,3,1,10,2020,0,149.0,34.0,4.0
2020-10-20,pedagogo,14,19.542142857142856,0.13142857142857142,1,0.0,0.07142857142857142,0.0,0.35714285714285715,2,1,10,2020,0,20.0,3.0,13.0
2020-10-20,psychotherapy,98,19.96673469387755,0.26693877551020406,1,0.02040816326530612,0.061224489795918366,0.01020408163265306,0.32653061224489793,4,1,10,2020,0,211.0,36.0,6.0
2020-10-20,speech therapy,62,20.17983870967742,0.17274193548387098,1,0.0,0.016129032258064516,0.03225806451612903,0.14516129032258066,5,1,10,2020,0,149.0,50.0,3.0
2020-10-21,psychotherapy,89,20.492471910112357,0.191123595505618,1,0.033707865168539325,0.0449438202247191,0.02247191011235955,0.3707865168539326,4,2,10,2020,0,98.0,48.0,3.0
2020-10-21,speech therapy,90,19.880555555555556,0.10122222222222221,1,0.05555555555555555,0.05555555555555555,0.011111111111111112,0.3333333333333333,5,2,10,2020,0,62.0,35.0,4.0
2020-10-21,physiotherapy,84,21.03464285714286,0.1948809523809524,1,0.19047619047619047,0.11904761904761904,0.07142857142857142,0.40476190476190477,3,2,10,2020,0,70.0,44.0,1.0
2020-10-21,pedagogo,11,21.23090909090909,0.37000000000000005,1,0.0,0.0,0.0,0.6363636363636364,2,2,10,2020,0,14.0,6.0,12.0
2020-10-21,occupational therapy,37,19.99108108108108,0.1256756756756757,1,0.05405405405405406,0.05405405405405406,0.05405405405405406,0.35135135135135137,1,2,10,2020,0,32.0,22.0,3.0
2020-10-21,enf,4,18.1375,0.0275,1,0.5,0.5,0.0,0.0,0,2,10,2020,0,5.0,3.0,5.0
2020-10-22,speech therapy,116,20.237241379310344,0.14508620689655174,1,0.07758620689655173,0.04310344827586207,0.02586206896551724,0.2672413793103448,5,3,10,2020,0,90.0,190.0,201.0
2020-10-22,occupational therapy,48,20.067291666666666,0.13395833333333332,1,0.020833333333333332,0.020833333333333332,0.041666666666666664,0.2708333333333333,1,3,10,2020,0,37.0,111.0,107.0
2020-10-22,physiotherapy,112,20.045357142857142,0.23035714285714287,1,0.16964285714285715,0.20535714285714285,0.044642857142857144,0.33035714285714285,3,3,10,2020,0,84.0,179.0,191.0
2020-10-22,psychotherapy,154,19.985974025974027,0.16564935064935063,1,0.05194805194805195,0.05194805194805195,0.012987012987012988,0.2727272727272727,4,3,10,2020,0,89.0,248.0,256.0
2020-10-22,pedagogo,23,20.012173913043476,0.22434782608695653,1,0.0,0.0,0.0,0.4782608695652174,2,3,10,2020,0,11.0,35.0,26.0
2020-10-22,enf,7,21.647142857142857,0.041428571428571426,1,0.2857142857142857,0.0,0.0,0.14285714285714285,0,3,10,2020,0,4.0,16.0,11.0
2020-10-23,enf,3,19.996666666666666,0.04,1,0.3333333333333333,0.0,0.3333333333333333,0.0,0,4,10,2020,0,7.0,10.0,6.0
2020-10-23,physiotherapy,73,20.057123287671235,0.10465753424657534,1,0.136986301369863,0.1095890410958904,0.0547945205479452,0.3287671232876712,3,4,10,2020,0,112.0,117.0,55.0
2020-10-23,occupational therapy,38,19.867894736842107,0.28736842105263155,1,0.13157894736842105,0.10526315789473684,0.05263157894736842,0.21052631578947367,1,4,10,2020,0,48.0,59.0,20.0
2020-10-23,psychotherapy,103,20.026019417475727,0.16368932038834952,1,0.02912621359223301,0.038834951456310676,0.009708737864077669,0.36893203883495146,4,4,10,2020,0,154.0,158.0,79.0
2020-10-23,speech therapy,79,20.077974683544305,0.12658227848101267,1,0.11392405063291139,0.0759493670886076,0.08860759493670886,0.3037974683544304,5,4,10,2020,0,116.0,152.0,48.0
2020-10-23,pedagogo,14,20.58857142857143,0.17857142857142858,1,0.0,0.0,0.0,0.21428571428571427,2,4,10,2020,0,23.0,23.0,6.0
2020-10-26,enf,8,20.1725,0.24500000000000002,1,0.0,0.0,0.125,0.25,0,0,10,2020,0,2.0,7.0,10.0
2020-10-26,occupational therapy,59,19.36762711864407,0.12694915254237288,1,0.05084745762711865,0.0847457627118644,0.0847457627118644,0.3728813559322034,1,0,10,2020,0,23.0,80.0,81.0
2020-10-26,speech therapy,103,19.987961165048546,0.15854368932038834,1,0.05825242718446602,0.04854368932038835,0.038834951456310676,0.23300970873786409,5,0,10,2020,0,58.0,149.0,130.0
2020-10-26,physiotherapy,117,20.1791452991453,0.17102564102564105,1,0.20512820512820512,0.1794871794871795,0.02564102564102564,0.3333333333333333,3,0,10,2020,0,40.0,149.0,132.0
2020-10-26,pedagogo,18,19.938333333333333,0.2338888888888889,1,0.0,0.05555555555555555,0.0,0.2777777777777778,2,0,10,2020,0,7.0,20.0,24.0
2020-10-26,psychotherapy,151,20.48569536423841,0.12642384105960264,1,0.033112582781456956,0.026490066225165563,0.019867549668874173,0.31125827814569534,4,0,10,2020,0,60.0,211.0,171.0
2020-10-27,psychotherapy,29,19.61689655172414,0.27241379310344827,1,0.10344827586206896,0.0,0.034482758620689655,0.27586206896551724,4,1,10,2020,0,151.0,98.0,36.0
2020-10-27,physiotherapy,23,20.215652173913043,0.08304347826086957,1,0.08695652173913043,0.043478260869565216,0.0,0.2608695652173913,3,1,10,2020,0,117.0,70.0,34.0
2020-10-27,enf,1,16.4,0.01,1,0.0,0.0,0.0,0.0,0,1,10,2020,0,8.0,10.0,6.0
2020-10-27,speech therapy,19,20.911052631578947,0.13999999999999999,1,0.05263157894736842,0.0,0.05263157894736842,0.2631578947368421,5,1,10,2020,0,103.0,62.0,50.0
2020-10-27,pedagogo,6,18.228333333333335,0.061666666666666675,1,0.0,0.0,0.0,0.3333333333333333,2,1,10,2020,0,18.0,14.0,3.0
2020-10-27,occupational therapy,12,20.595,0.3875,1,0.08333333333333333,0.08333333333333333,0.08333333333333333,0.5833333333333334,1,1,10,2020,0,59.0,32.0,17.0
2020-10-28,physiotherapy,36,20.013055555555557,0.11555555555555556,1,0.05555555555555555,0.05555555555555555,0.027777777777777776,0.25,3,2,10,2020,0,23.0,84.0,44.0
2020-10-28,enf,4,21.3625,0.73,1,0.25,0.0,0.25,0.5,0,2,10,2020,0,1.0,5.0,3.0
2020-10-28,psychotherapy,57,20.932807017543862,0.12228070175438596,1,0.05263157894736842,0.05263157894736842,0.017543859649122806,0.2982456140350877,4,2,10,2020,0,29.0,89.0,48.0
2020-10-28,occupational therapy,18,18.763333333333335,0.17333333333333334,1,0.0,0.1111111111111111,0.05555555555555555,0.4444444444444444,1,2,10,2020,0,12.0,37.0,22.0
2020-10-28,speech therapy,42,20.517142857142858,0.2426190476190476,1,0.09523809523809523,0.09523809523809523,0.047619047619047616,0.35714285714285715,5,2,10,2020,0,19.0,90.0,35.0
2020-10-29,physiotherapy,1,19.92,0.0,1,0.0,0.0,0.0,0.0,3,3,10,2020,0,36.0,112.0,179.0
2020-10-29,psychotherapy,1,16.99,0.6,1,0.0,0.0,0.0,0.0,4,3,10,2020,0,57.0,154.0,248.0
2020-10-30,psychotherapy,1,17.36,0.03,1,0.0,0.0,0.0,0.0,4,4,10,2020,0,1.0,103.0,158.0
2020-10-30,speech therapy,1,22.29,0.0,1,0.0,1.0,0.0,0.0,5,4,10,2020,0,42.0,116.0,190.0
2020-11-02,psychotherapy,1,21.9,0.01,1,0.0,0.0,0.0,1.0,4,0,11,2020,0,6.0,60.0,119.0
2020-11-03,speech therapy,1,22.77,0.0,1,0.0,0.0,0.0,0.0,5,1,11,2020,0,3.0,28.0,62.0
2020-11-04,enf,1,24.81,0.32,1,1.0,0.0,0.0,0.0,0,2,11,2020,0,4.0,4.0,3.0
2020-11-04,speech therapy,2,20.325000000000003,0.0,1,0.0,0.0,0.0,0.5,5,2,11,2020,0,1.0,58.0,98.0
2020-11-05,occupational therapy,1,20.88,0.0,1,1.0,1.0,0.0,0.0,1,3,11,2020,0,4.0,38.0,59.0
2020-11-06,speech therapy,1,18.85,0.16,1,0.0,0.0,0.0,0.0,5,4,11,2020,0,2.0,103.0,149.0
2020-11-06,psychotherapy,2,19.685,0.075,1,0.0,0.0,0.0,0.0,4,4,11,2020,0,1.0,151.0,211.0
2020-11-09,pedagogo,1,22.85,0.0,1,0.0,0.0,0.0,0.0,2,0,11,2020,0,2.0,23.0,35.0
2020-11-09,psychotherapy,5,19.634,0.05600000000000001,1,0.0,0.0,0.0,0.4,4,0,11,2020,0,2.0,29.0,98.0
2020-11-09,speech therapy,1,23.49,0.0,1,1.0,0.0,1.0,0.0,5,0,11,2020,0,1.0,19.0,62.0
2020-11-09,occupational therapy,1,19.18,0.02,1,0.0,0.0,0.0,0.0,1,0,11,2020,0,1.0,11.0,31.0
2020-11-09,physiotherapy,2,19.025,0.025,1,0.0,0.0,0.0,0.0,3,0,11,2020,0,1.0,23.0,70.0
2020-11-10,speech therapy,2,17.494999999999997,0.01,1,0.0,0.0,0.0,0.5,5,1,11,2020,0,1.0,42.0,90.0
2020-11-10,psychotherapy,1,21.15,0.1,1,0.0,0.0,0.0,1.0,4,1,11,2020,0,5.0,57.0,89.0
2020-11-10,occupational therapy,2,17.955,0.0,1,0.0,0.0,0.0,1.0,1,1,11,2020,0,1.0,23.0,39.0
2020-11-10,physiotherapy,1,15.52,0.0,1,1.0,0.0,0.0,0.0,3,1,11,2020,0,2.0,36.0,84.0
2020-11-11,physiotherapy,2,20.725,0.005,1,0.0,0.0,0.0,0.5,3,2,11,2020,0,1.0,1.0,112.0
2020-11-11,psychotherapy,2,16.79,0.01,1,0.0,0.0,0.0,0.5,4,2,11,2020,0,1.0,1.0,154.0
2020-11-11,enf,1,16.8,0.24,1,1.0,0.0,0.0,0.0,0,2,11,2020,0,1.0,7.0,16.0
2020-11-11,speech therapy,3,19.30666666666667,0.030000000000000002,1,0.3333333333333333,0.3333333333333333,0.3333333333333333,0.0,5,2,11,2020,0,2.0,1.0,116.0
2020-11-12,psychotherapy,5,20.506,0.27199999999999996,1,0.0,0.0,0.0,0.6,4,3,11,2020,0,2.0,1.0,103.0
2020-11-12,occupational therapy,2,20.57,0.06,1,0.0,0.0,0.0,0.5,1,3,11,2020,0,2.0,59.0,80.0
2020-11-12,physiotherapy,1,19.53,0.0,1,0.0,0.0,0.0,0.0,3,3,11,2020,0,2.0,1.0,73.0
2020-11-13,psychotherapy,2,23.560000000000002,0.0,1,0.0,0.0,0.0,0.5,4,4,11,2020,0,5.0,6.0,28.0
2020-11-13,enf,1,15.92,0.0,1,0.0,0.0,0.0,0.0,0,4,11,2020,0,1.0,3.0,10.0
2020-11-13,pedagogo,1,16.38,0.41,1,0.0,0.0,0.0,0.0,2,4,11,2020,0,1.0,14.0,23.0
2020-11-13,occupational therapy,1,22.23,0.25,1,0.0,1.0,0.0,1.0,1,4,11,2020,0,2.0,12.0,32.0
2020-11-13,speech therapy,4,21.5475,0.2875,1,0.25,0.0,0.0,0.0,5,4,11,2020,0,3.0,3.0,79.0
2020-11-13,physiotherapy,1,19.1,0.82,1,0.0,0.0,0.0,0.0,3,4,11,2020,0,1.0,3.0,25.0
2020-11-16,speech therapy,21,22.03047619047619,0.12904761904761905,1,0.0,0.0,0.0,0.2857142857142857,5,0,11,2020,0,4.0,1.0,103.0
2020-11-16,pedagogo,2,17.189999999999998,0.005,1,0.0,0.0,0.0,1.0,2,0,11,2020,0,1.0,18.0,20.0
2020-11-16,physiotherapy,13,19.973846153846157,0.17615384615384616,1,0.15384615384615385,0.07692307692307693,0.07692307692307693,0.23076923076923078,3,0,11,2020,0,3.0,2.0,23.0
2020-11-16,occupational therapy,9,20.114444444444445,0.0044444444444444444,1,0.1111111111111111,0.1111111111111111,0.0,0.6666666666666666,1,0,11,2020,0,1.0,1.0,38.0
2020-11-16,psychotherapy,16,19.8,0.12875,1,0.125,0.125,0.0625,0.4375,4,0,11,2020,0,4.0,5.0,29.0
2020-11-17,enf,3,24.25333333333333,0.48333333333333334,1,0.3333333333333333,0.0,0.0,0.3333333333333333,0,1,11,2020,0,1.0,8.0,7.0
2020-11-17,pedagogo,3,19.846666666666668,0.32666666666666666,1,0.0,0.0,0.0,0.0,2,1,11,2020,0,2.0,6.0,14.0
2020-11-17,speech therapy,15,21.233999999999998,0.22666666666666666,1,0.0,0.0,0.0,0.3333333333333333,5,1,11,2020,0,21.0,1.0,19.0
2020-11-17,physiotherapy,22,20.607727272727274,0.2095454545454545,1,0.18181818181818182,0.09090909090909091,0.0,0.2727272727272727,3,1,11,2020,0,13.0,1.0,36.0
2020-11-17,occupational therapy,9,21.474444444444444,0.05888888888888889,1,0.0,0.1111111111111111,0.0,0.3333333333333333,1,1,11,2020,0,9.0,1.0,11.0
2020-11-17,psychotherapy,23,19.922608695652176,0.23956521739130435,1,0.043478260869565216,0.0,0.043478260869565216,0.30434782608695654,4,1,11,2020,0,16.0,1.0,57.0
2020-11-18,physiotherapy,31,18.948387096774194,0.11225806451612903,1,0.22580645161290322,0.16129032258064516,0.0,0.2903225806451613,3,2,11,2020,0,22.0,2.0,1.0
2020-11-18,speech therapy,33,19.50181818181818,0.2121212121212121,1,0.030303030303030304,0.06060606060606061,0.030303030303030304,0.48484848484848486,5,2,11,2020,0,15.0,2.0,42.0
2020-11-18,psychotherapy,48,20.104583333333334,0.19854166666666664,1,0.041666666666666664,0.020833333333333332,0.0,0.2708333333333333,4,2,11,2020,0,23.0,2.0,1.0
2020-11-18,occupational therapy,19,19.94421052631579,0.19052631578947368,1,0.05263157894736842,0.05263157894736842,0.05263157894736842,0.3684210526315789,1,2,11,2020,0,9.0,2.0,23.0
2020-11-18,pedagogo,9,18.30777777777778,0.15222222222222223,1,0.0,0.0,0.0,0.3333333333333333,2,2,11,2020,0,3.0,2.0,11.0
2020-11-18,enf,3,20.68,0.04666666666666666,1,0.0,0.0,0.0,0.6666666666666666,0,2,11,2020,0,3.0,1.0,10.0
2020-11-19,speech therapy,1,24.92,0.0,1,0.0,0.0,0.0,0.0,5,3,11,2020,0,33.0,3.0,1.0
2020-11-19,psychotherapy,1,20.53,0.09,0,0.0,0.0,0.0,0.0,4,3,11,2020,0,48.0,5.0,1.0
2020-11-20,speech therapy,2,22.375,0.005,1,0.0,0.0,0.0,0.0,5,4,11,2020,0,1.0,4.0,3.0
2020-11-20,enf,1,20.75,0.11,1,0.0,0.0,0.0,0.0,0,4,11,2020,0,3.0,4.0,5.0
2020-11-23,speech therapy,1,12.8,0.01,1,0.0,0.0,0.0,0.0,5,0,11,2020,0,2.0,21.0,1.0
2020-11-23,psychotherapy,1,21.28,0.64,1,0.0,0.0,0.0,0.0,4,0,11,2020,0,1.0,23.0,1.0
2020-11-24,psychotherapy,1,17.81,0.02,1,0.0,0.0,0.0,1.0,4,1,11,2020,0,1.0,4.0,2.0
2020-11-25,occupational therapy,1,20.55,0.42,1,0.0,0.0,0.0,1.0,1,2,11,2020,0,1.0,1.0,12.0
2020-11-25,psychotherapy,9,20.603333333333335,0.17,1,0.1111111111111111,0.0,0.0,0.4444444444444444,4,2,11,2020,0,1.0,16.0,5.0
2020-11-25,physiotherapy,3,20.933333333333334,0.11,1,0.3333333333333333,0.3333333333333333,0.0,0.6666666666666666,3,2,11,2020,0,31.0,1.0,1.0
2020-11-25,speech therapy,8,22.03875,0.0775,1,0.125,0.0,0.0,0.5,5,2,11,2020,0,1.0,4.0,2.0
2020-11-26,psychotherapy,3,18.766666666666666,0.0033333333333333335,1,0.0,0.0,0.0,0.0,4,3,11,2020,0,9.0,23.0,1.0
2020-11-26,pedagogo,1,17.26,0.03,1,0.0,0.0,0.0,0.0,2,3,11,2020,0,9.0,1.0,23.0
2020-11-26,occupational therapy,1,19.6,0.12,1,0.0,0.0,0.0,0.0,1,3,11,2020,0,1.0,5.0,18.0
2020-11-26,physiotherapy,2,19.025,0.005,1,0.0,0.0,0.0,0.5,3,3,11,2020,0,3.0,1.0,3.0
2020-11-26,speech therapy,1,17.63,0.0,1,1.0,0.0,0.0,0.0,5,3,11,2020,0,8.0,21.0,1.0
2020-11-27,psychotherapy,5,20.363999999999997,0.454,1,0.0,0.0,0.0,0.0,4,4,11,2020,0,3.0,48.0,2.0
2020-11-27,physiotherapy,3,20.593333333333334,0.23,1,0.0,0.0,0.0,0.3333333333333333,3,4,11,2020,0,2.0,19.0,1.0
2020-11-27,occupational therapy,1,20.9,0.05,1,0.0,0.0,0.0,0.0,1,4,11,2020,0,1.0,1.0,4.0
2020-11-27,speech therapy,2,23.71,0.28500000000000003,1,0.0,0.0,0.0,0.0,5,4,11,2020,0,1.0,15.0,1.0
2020-11-30,physiotherapy,1,20.69,0.0,1,0.0,0.0,0.0,0.0,3,0,11,2020,0,1.0,22.0,1.0
2020-11-30,psychotherapy,1,20.73,2.31,1,0.0,0.0,0.0,1.0,4,0,11,2020,0,2.0,1.0,23.0
2020-11-30,occupational therapy,1,21.42,0.53,1,0.0,0.0,0.0,1.0,1,0,11,2020,0,1.0,19.0,2.0
2020-11-30,speech therapy,2,19.29,0.01,1,0.0,0.0,0.0,0.5,5,0,11,2020,0,2.0,2.0,4.0
2020-12-01,speech therapy,3,23.01,0.12666666666666668,1,0.0,0.0,0.0,0.0,5,1,12,2020,0,2.0,1.0,21.0
2020-12-01,psychotherapy,5,21.598000000000003,0.034,1,0.2,0.2,0.0,0.0,4,1,12,2020,0,1.0,1.0,4.0
2020-12-01,occupational therapy,2,20.91,0.18,1,0.0,0.0,0.0,0.5,1,1,12,2020,0,1.0,1.0,2.0
2020-12-01,physiotherapy,1,19.55,0.0,1,1.0,0.0,0.0,1.0,3,1,12,2020,0,1.0,31.0,2.0
2020-12-02,physiotherapy,1,9.56,0.0,1,0.0,0.0,0.0,0.0,3,2,12,2020,0,1.0,3.0,1.0
2020-12-02,occupational therapy,1,14.8,0.0,1,0.0,0.0,0.0,0.0,1,2,12,2020,0,2.0,1.0,1.0
2020-12-03,physiotherapy,1,25.78,0.05,1,1.0,1.0,0.0,0.0,3,3,12,2020,0,1.0,2.0,1.0
2020-12-03,speech therapy,5,20.57,0.132,1,0.0,0.0,0.0,0.6,5,3,12,2020,0,3.0,8.0,4.0
2020-12-03,occupational therapy,1,25.82,0.04,1,0.0,0.0,0.0,0.0,1,3,12,2020,0,1.0,1.0,5.0
2020-12-03,psychotherapy,3,17.146666666666665,0.0,1,0.3333333333333333,0.0,0.0,0.0,4,3,12,2020,0,5.0,9.0,16.0
2020-12-03,pedagogo,1,13.01,0.0,1,0.0,0.0,0.0,1.0,2,3,12,2020,0,1.0,1.0,14.0
2020-12-04,speech therapy,3,23.986666666666668,0.22999999999999998,1,0.0,0.0,0.0,0.0,5,4,12,2020,0,5.0,1.0,21.0
2020-12-04,occupational therapy,5,19.396,0.202,1,0.2,0.0,0.0,0.6,1,4,12,2020,0,1.0,1.0,1.0
2020-12-04,psychotherapy,7,19.478571428571428,0.060000000000000005,1,0.14285714285714285,0.14285714285714285,0.0,0.14285714285714285,4,4,12,2020,0,3.0,3.0,23.0
2020-12-04,physiotherapy,2,19.765,0.12,1,0.5,0.0,0.0,0.0,3,4,12,2020,0,1.0,3.0,19.0
2020-12-04,pedagogo,2,24.604999999999997,0.055,1,0.0,0.0,0.0,0.0,2,4,12,2020,0,1.0,1.0,8.0
2020-12-07,occupational therapy,2,19.34,0.045000000000000005,1,0.0,0.0,0.0,0.5,1,0,12,2020,0,1.0,1.0,9.0
2020-12-07,psychotherapy,1,15.91,0.0,1,0.0,0.0,0.0,0.0,4,0,12,2020,0,1.0,3.0,1.0
2020-12-07,speech therapy,1,18.5,0.0,1,0.0,0.0,0.0,0.0,5,0,12,2020,0,1.0,1.0,33.0
2020-12-08,psychotherapy,2,20.86,0.115,1,0.0,0.0,0.0,0.0,4,1,12,2020,0,1.0,2.0,1.0
2020-12-08,speech therapy,1,23.44,0.29,1,0.0,0.0,0.0,1.0,5,1,12,2020,0,1.0,2.0,1.0
2020-12-09,psychotherapy,45,20.284222222222223,0.21511111111111111,1,0.06666666666666667,0.022222222222222223,0.022222222222222223,0.3333333333333333,4,2,12,2020,0,2.0,1.0,1.0
2020-12-09,physiotherapy,41,19.84560975609756,0.21195121951219512,1,0.17073170731707318,0.07317073170731707,0.04878048780487805,0.24390243902439024,3,2,12,2020,0,1.0,1.0,13.0
2020-12-09,occupational therapy,14,21.18642857142857,0.21285714285714286,1,0.07142857142857142,0.07142857142857142,0.0,0.2857142857142857,1,2,12,2020,0,2.0,1.0,19.0
2020-12-09,pedagogo,7,21.704285714285714,0.05285714285714286,1,0.0,0.14285714285714285,0.14285714285714285,0.14285714285714285,2,2,12,2020,0,1.0,3.0,6.0
2020-12-09,enf,4,19.4875,0.035,1,0.25,0.25,0.25,0.0,0,2,12,2020,0,1.0,1.0,7.0
2020-12-09,speech therapy,34,19.96,0.13970588235294118,1,0.058823529411764705,0.08823529411764706,0.029411764705882353,0.47058823529411764,5,2,12,2020,0,1.0,2.0,2.0
2020-12-10,psychotherapy,21,19.266190476190477,0.16904761904761906,1,0.0,0.14285714285714285,0.0,0.47619047619047616,4,3,12,2020,0,45.0,5.0,1.0
2020-12-10,occupational therapy,6,20.691666666666666,0.09333333333333334,1,0.0,0.16666666666666666,0.0,0.5,1,3,12,2020,0,14.0,2.0,1.0
2020-12-10,pedagogo,7,19.747142857142855,0.09857142857142856,1,0.0,0.0,0.0,0.2857142857142857,2,3,12,2020,0,7.0,9.0,2.0
2020-12-10,physiotherapy,20,20.189,0.198,1,0.2,0.05,0.0,0.45,3,3,12,2020,0,41.0,1.0,22.0
2020-12-10,enf,1,22.3,0.0,1,0.0,0.0,0.0,0.0,0,3,12,2020,0,4.0,1.0,3.0
2020-12-10,speech therapy,20,20.315,0.219,1,0.0,0.05,0.0,0.4,5,3,12,2020,0,34.0,3.0,1.0
2020-12-11,speech therapy,35,20.284857142857145,0.196,1,0.05714285714285714,0.11428571428571428,0.0,0.3142857142857143,5,4,12,2020,0,20.0,5.0,8.0
2020-12-11,pedagogo,5,19.89,0.008,1,0.0,0.0,0.0,0.2,2,4,12,2020,0,7.0,1.0,1.0
2020-12-11,physiotherapy,26,19.98346153846154,0.1376923076923077,1,0.11538461538461539,0.11538461538461539,0.038461538461538464,0.46153846153846156,3,4,12,2020,0,20.0,1.0,31.0
2020-12-11,enf,3,18.849999999999998,0.0033333333333333335,1,0.3333333333333333,0.0,0.3333333333333333,0.3333333333333333,0,4,12,2020,0,1.0,1.0,2.0
2020-12-11,occupational therapy,22,20.173636363636362,0.24636363636363637,1,0.0,0.045454545454545456,0.0,0.18181818181818182,1,4,12,2020,0,6.0,1.0,1.0
2020-12-11,psychotherapy,39,20.313589743589745,0.1564102564102564,1,0.02564102564102564,0.05128205128205128,0.0,0.23076923076923078,4,4,12,2020,0,21.0,3.0,9.0
2020-12-14,speech therapy,1,20.97,0.02,1,0.0,0.0,0.0,0.0,5,0,12,2020,0,44.0,1.0,1.0
2020-12-14,psychotherapy,1,17.3,0.0,1,0.0,0.0,0.0,1.0,4,0,12,2020,0,63.0,1.0,3.0
2020-12-14,physiotherapy,2,18.345,0.42,1,0.5,0.5,0.0,0.0,3,0,12,2020,0,38.0,2.0,3.0
2020-12-15,occupational therapy,1,16.63,0.0,1,0.0,0.0,0.0,1.0,1,1,12,2020,0,33.0,1.0,2.0
2020-12-15,pedagogo,1,21.21,0.14,1,0.0,0.0,0.0,1.0,2,1,12,2020,0,6.0,1.0,1.0
2020-12-15,psychotherapy,1,16.27,0.0,1,0.0,0.0,0.0,0.0,4,1,12,2020,0,1.0,2.0,2.0
2020-12-16,pedagogo,4,20.9375,0.435,1,0.0,0.0,0.0,0.0,2,2,12,2020,0,1.0,1.0,2.0
2020-12-16,speech therapy,37,20.506216216216217,0.26378378378378375,1,0.05405405405405406,0.02702702702702703,0.0,0.16216216216216217,5,2,12,2020,0,1.0,1.0,2.0
2020-12-16,enf,2,21.990000000000002,0.07,1,0.0,0.0,0.0,0.5,0,2,12,2020,0,4.0,1.0,4.0
2020-12-16,psychotherapy,37,20.57837837837838,0.16405405405405407,1,0.05405405405405406,0.08108108108108109,0.02702702702702703,0.21621621621621623,4,2,12,2020,0,1.0,45.0,1.0
2020-12-16,occupational therapy,14,20.670714285714286,0.15785714285714286,1,0.0,0.0,0.0,0.35714285714285715,1,2,12,2020,0,1.0,2.0,1.0
2020-12-16,physiotherapy,35,19.717142857142857,0.21371428571428572,1,0.17142857142857143,0.14285714285714285,0.0,0.4857142857142857,3,2,12,2020,0,2.0,1.0,4.0
2020-12-17,enf,3,19.543333333333333,0.32333333333333336,1,0.0,0.0,0.3333333333333333,0.0,0,3,12,2020,0,2.0,1.0,1.0
2020-12-17,occupational therapy,11,20.458181818181817,0.4209090909090909,1,0.09090909090909091,0.09090909090909091,0.09090909090909091,0.36363636363636365,1,3,12,2020,0,14.0,14.0,1.0
2020-12-17,speech therapy,23,21.034347826086957,0.1956521739130435,1,0.043478260869565216,0.0,0.0,0.17391304347826086,5,3,12,2020,0,37.0,34.0,2.0
2020-12-17,psychotherapy,36,20.852222222222224,0.1363888888888889,1,0.05555555555555555,0.05555555555555555,0.0,0.3055555555555556,4,3,12,2020,0,37.0,21.0,5.0
2020-12-17,pedagogo,4,21.205000000000002,0.2225,1,0.0,0.0,0.0,0.25,2,3,12,2020,0,4.0,7.0,3.0
2020-12-17,physiotherapy,23,19.928260869565218,0.16695652173913042,1,0.08695652173913043,0.0,0.0,0.34782608695652173,3,3,12,2020,0,35.0,41.0,1.0
2020-12-18,occupational therapy,17,20.308235294117647,0.3276470588235294,1,0.058823529411764705,0.11764705882352941,0.0,0.29411764705882354,1,4,12,2020,0,11.0,6.0,2.0
2020-12-18,speech therapy,44,20.71818181818182,0.1431818181818182,1,0.18181818181818182,0.11363636363636363,0.022727272727272728,0.3181818181818182,5,4,12,2020,0,23.0,20.0,3.0
2020-12-18,physiotherapy,35,19.991142857142858,0.21485714285714286,1,0.17142857142857143,0.08571428571428572,0.05714285714285714,0.45714285714285713,3,4,12,2020,0,23.0,20.0,1.0
2020-12-18,enf,5,18.178,0.10200000000000001,1,0.2,0.0,0.0,0.4,0,4,12,2020,0,3.0,4.0,1.0
2020-12-18,pedagogo,3,16.54,0.15333333333333332,1,0.0,0.0,0.0,0.3333333333333333,2,4,12,2020,0,4.0,7.0,9.0
2020-12-18,psychotherapy,47,20.855106382978725,0.19893617021276594,1,0.02127659574468085,0.02127659574468085,0.0,0.23404255319148937,4,4,12,2020,0,36.0,39.0,3.0
2020-12-21,psychotherapy,1,20.26,0.12,0,0.0,0.0,0.0,1.0,4,0,12,2020,0,70.0,1.0,1.0
2020-12-21,speech therapy,1,19.6,0.0,1,0.0,1.0,0.0,0.0,5,0,12,2020,0,52.0,44.0,1.0
2020-12-21,occupational therapy,3,19.526666666666667,0.08,1,0.0,0.0,0.0,0.6666666666666666,1,0,12,2020,0,37.0,33.0,5.0
2020-12-22,psychotherapy,1,22.46,0.01,1,0.0,0.0,0.0,0.0,4,1,12,2020,0,1.0,1.0,2.0
2020-12-22,speech therapy,2,19.77,0.165,1,0.0,0.0,0.0,0.5,5,1,12,2020,0,1.0,1.0,1.0
2020-12-22,physiotherapy,3,17.666666666666668,0.20666666666666667,1,0.0,0.0,0.3333333333333333,0.6666666666666666,3,1,12,2020,0,52.0,38.0,1.0
2020-12-23,psychotherapy,2,20.8,0.055,1,0.0,0.0,0.0,0.0,4,2,12,2020,0,1.0,37.0,45.0
2020-12-23,occupational therapy,2,16.799999999999997,0.27,1,0.0,0.0,0.0,0.0,1,2,12,2020,0,3.0,1.0,1.0
2020-12-23,speech therapy,2,23.939999999999998,0.6599999999999999,1,0.0,0.0,0.0,0.0,5,2,12,2020,0,2.0,37.0,1.0
2020-12-23,physiotherapy,2,20.59,0.005,1,0.0,0.0,0.0,0.5,3,2,12,2020,0,3.0,2.0,2.0
2020-12-24,psychotherapy,2,18.28,0.005,1,0.0,0.0,0.0,0.0,4,3,12,2020,0,2.0,36.0,21.0
2020-12-24,speech therapy,2,22.075000000000003,0.02,1,0.0,0.0,0.0,0.0,5,3,12,2020,0,2.0,23.0,34.0
2020-12-24,physiotherapy,2,22.095,0.0,1,0.5,0.0,0.0,0.5,3,3,12,2020,0,2.0,35.0,1.0
2020-12-24,occupational therapy,1,18.11,0.06,1,0.0,0.0,0.0,1.0,1,3,12,2020,0,2.0,14.0,2.0
2020-12-25,speech therapy,9,19.40888888888889,0.23222222222222222,1,0.0,0.0,0.0,0.3333333333333333,5,4,12,2020,0,2.0,44.0,20.0
2020-12-25,physiotherapy,10,20.216,0.17,1,0.2,0.2,0.1,0.2,3,4,12,2020,0,2.0,23.0,41.0
2020-12-25,psychotherapy,9,20.682222222222222,0.16777777777777778,1,0.0,0.0,0.0,0.3333333333333333,4,4,12,2020,0,2.0,47.0,39.0
2020-12-25,occupational therapy,2,20.475,0.015,1,0.0,0.0,0.0,1.0,1,4,12,2020,0,1.0,11.0,14.0
2020-12-28,occupational therapy,4,22.4825,0.5325000000000001,1,0.25,0.25,0.0,0.25,1,0,12,2020,0,1.0,37.0,27.0
2020-12-28,speech therapy,10,19.238,0.332,1,0.0,0.0,0.0,0.5,5,0,12,2020,0,2.0,1.0,44.0
2020-12-28,psychotherapy,9,19.302222222222223,0.11444444444444445,1,0.1111111111111111,0.0,0.0,0.2222222222222222,4,0,12,2020,0,4.0,70.0,63.0
2020-12-28,enf,1,20.93,0.14,1,1.0,1.0,0.0,1.0,0,0,12,2020,0,8.0,3.0,3.0
2020-12-28,physiotherapy,8,18.7475,0.215,1,0.125,0.0,0.125,0.125,3,0,12,2020,0,4.0,39.0,26.0
2020-12-29,occupational therapy,4,18.912499999999998,0.0625,1,0.0,0.0,0.0,0.25,1,1,12,2020,0,4.0,3.0,33.0
2020-12-29,speech therapy,21,20.94142857142857,0.2571428571428572,1,0.047619047619047616,0.047619047619047616,0.0,0.3333333333333333,5,1,12,2020,0,10.0,2.0,1.0
2020-12-29,enf,1,25.27,0.0,1,1.0,0.0,0.0,0.0,0,1,12,2020,0,1.0,4.0,3.0
2020-12-29,physiotherapy,19,19.158947368421053,0.034210526315789476,1,0.05263157894736842,0.0,0.0,0.3684210526315789,3,1,12,2020,0,8.0,52.0,44.0
2020-12-29,psychotherapy,14,19.99857142857143,0.42642857142857143,1,0.0,0.0,0.0,0.42857142857142855,4,1,12,2020,0,9.0,1.0,1.0
2020-12-29,pedagogo,4,20.4775,0.025,1,0.0,0.0,0.0,0.25,2,1,12,2020,0,7.0,6.0,2.0
2020-12-30,speech therapy,13,20.46076923076923,0.25923076923076926,1,0.07692307692307693,0.07692307692307693,0.0,0.38461538461538464,5,2,12,2020,0,21.0,2.0,37.0
2020-12-30,enf,1,23.08,1.17,1,0.0,0.0,0.0,0.0,0,2,12,2020,0,1.0,2.0,1.0
2020-12-30,occupational therapy,6,19.781666666666666,0.04666666666666666,1,0.0,0.0,0.0,0.3333333333333333,1,2,12,2020,0,4.0,2.0,1.0
2020-12-30,pedagogo,2,21.450000000000003,0.0,1,0.0,0.0,0.0,0.0,2,2,12,2020,0,4.0,1.0,1.0
2020-12-30,physiotherapy,12,19.358333333333334,0.3875,1,0.3333333333333333,0.08333333333333333,0.0,0.16666666666666666,3,2,12,2020,0,19.0,3.0,38.0
2020-12-30,psychotherapy,23,19.574347826086957,0.13608695652173913,1,0.13043478260869565,0.08695652173913043,0.043478260869565216,0.2608695652173913,4,2,12,2020,0,14.0,1.0,1.0
2020-12-31,speech therapy,8,20.044999999999998,0.12125,1,0.0,0.125,0.0,0.75,5,3,12,2020,0,13.0,2.0,23.0
2020-12-31,psychotherapy,20,20.3445,0.17250000000000001,1,0.05,0.0,0.0,0.35,4,3,12,2020,0,23.0,2.0,37.0
2020-12-31,pedagogo,2,21.92,0.0,1,0.0,0.0,0.0,0.0,2,3,12,2020,0,2.0,4.0,1.0
2020-12-31,physiotherapy,21,18.486190476190476,0.10952380952380951,1,0.19047619047619047,0.14285714285714285,0.09523809523809523,0.47619047619047616,3,3,12,2020,0,12.0,2.0,2.0
2020-12-31,enf,2,23.415,0.01,1,0.5,0.0,0.0,0.0,0,3,12,2020,0,1.0,3.0,1.0
2020-12-31,occupational therapy,1,23.56,2.24,1,0.0,0.0,0.0,1.0,1,3,12,2020,0,6.0,1.0,14.0
2021-01-01,enf,3,20.0,0.08333333333333333,1,0.3333333333333333,0.0,0.0,0.6666666666666666,0,4,1,2021,0,2.0,5.0,4.0
2021-01-01,psychotherapy,9,21.125555555555554,0.030000000000000002,1,0.0,0.0,0.0,0.2222222222222222,4,4,1,2021,0,20.0,2.0,36.0
2021-01-01,occupational therapy,4,22.72,0.06,1,0.0,0.0,0.0,0.5,1,4,1,2021,0,1.0,2.0,11.0
2021-01-01,physiotherapy,9,20.205555555555556,0.17,1,0.1111111111111111,0.2222222222222222,0.1111111111111111,0.4444444444444444,3,4,1,2021,0,21.0,2.0,35.0
2021-01-01,speech therapy,10,20.125,0.189,1,0.0,0.0,0.0,0.5,5,4,1,2021,0,8.0,9.0,44.0
2021-01-01,pedagogo,2,21.15,0.07,1,0.0,0.0,0.0,0.0,2,4,1,2021,0,2.0,4.0,7.0
2021-01-04,psychotherapy,23,21.28782608695652,0.3708695652173913,1,0.043478260869565216,0.043478260869565216,0.08695652173913043,0.43478260869565216,4,0,1,2021,0,15.0,9.0,70.0
2021-01-04,occupational therapy,6,21.87,0.21333333333333335,1,0.0,0.16666666666666666,0.0,0.8333333333333334,1,0,1,2021,0,1.0,4.0,37.0
2021-01-04,speech therapy,13,19.61769230769231,0.3076923076923077,1,0.15384615384615385,0.07692307692307693,0.07692307692307693,0.38461538461538464,5,0,1,2021,0,5.0,10.0,1.0
2021-01-04,physiotherapy,26,19.691153846153846,0.10769230769230768,1,0.34615384615384615,0.19230769230769232,0.0,0.46153846153846156,3,0,1,2021,0,6.0,8.0,39.0
2021-01-05,speech therapy,53,20.184528301886793,0.21000000000000002,1,0.05660377358490566,0.07547169811320754,0.018867924528301886,0.3018867924528302,5,1,1,2021,0,13.0,21.0,2.0
2021-01-05,occupational therapy,37,20.20405405405405,0.20702702702702702,1,0.02702702702702703,0.02702702702702703,0.0,0.24324324324324326,1,1,1,2021,0,6.0,4.0,3.0
2021-01-05,psychotherapy,74,20.047432432432434,0.195,1,0.05405405405405406,0.02702702702702703,0.0,0.3783783783783784,4,1,1,2021,0,23.0,14.0,1.0
2021-01-05,pedagogo,14,19.340714285714284,0.10571428571428572,1,0.0,0.0,0.0,0.2857142857142857,2,1,1,2021,0,2.0,6.0,5.0
2021-01-05,enf,2,22.9,0.14,1,0.0,0.0,0.0,0.5,0,1,1,2021,0,1.0,1.0,3.0
2021-01-05,physiotherapy,57,20.38175438596491,0.13842105263157894,1,0.17543859649122806,0.05263157894736842,0.0,0.3157894736842105,3,1,1,2021,0,26.0,19.0,52.0
2021-01-06,psychotherapy,88,20.406931818181818,0.1628409090909091,1,0.03409090909090909,0.045454545454545456,0.011363636363636364,0.2727272727272727,4,2,1,2021,0,74.0,23.0,1.0
2021-01-06,pedagogo,16,19.9775,0.060625,1,0.0,0.0,0.0,0.375,2,2,1,2021,0,14.0,7.0,2.0
2021-01-06,occupational therapy,42,19.351904761904763,0.17857142857142858,1,0.023809523809523808,0.07142857142857142,0.0,0.35714285714285715,1,2,1,2021,0,37.0,6.0,2.0
2021-01-06,enf,9,20.093333333333334,0.14666666666666667,1,0.3333333333333333,0.2222222222222222,0.2222222222222222,0.2222222222222222,0,2,1,2021,0,2.0,1.0,4.0
2021-01-06,physiotherapy,56,19.976964285714285,0.14714285714285716,1,0.19642857142857142,0.125,0.03571428571428571,0.375,3,2,1,2021,0,57.0,12.0,3.0
2021-01-06,speech therapy,77,20.666233766233766,0.13532467532467532,1,0.05194805194805195,0.05194805194805195,0.025974025974025976,0.35064935064935066,5,2,1,2021,0,53.0,13.0,2.0
2021-01-07,occupational therapy,40,20.15175,0.26175000000000004,1,0.05,0.075,0.025,0.325,1,3,1,2021,0,42.0,1.0,1.0
2021-01-07,speech therapy,99,20.265050505050507,0.201010101010101,1,0.1111111111111111,0.050505050505050504,0.020202020202020204,0.30303030303030304,5,3,1,2021,0,77.0,8.0,2.0
2021-01-07,pedagogo,15,20.15533333333333,0.32066666666666666,1,0.0,0.0,0.0,0.13333333333333333,2,3,1,2021,0,16.0,4.0,6.0
2021-01-07,enf,5,18.244,0.046,1,0.2,0.2,0.2,0.2,0,3,1,2021,0,9.0,1.0,2.0
2021-01-07,psychotherapy,104,19.626730769230768,0.16413461538461538,1,0.0673076923076923,0.07692307692307693,0.019230769230769232,0.3076923076923077,4,3,1,2021,0,88.0,20.0,2.0
2021-01-07,physiotherapy,82,20.207439024390244,0.23707317073170733,1,0.14634146341463414,0.10975609756097561,0.036585365853658534,0.2804878048780488,3,3,1,2021,0,56.0,21.0,2.0
2021-01-08,enf,8,21.2175,0.09000000000000001,1,0.125,0.125,0.0,0.375,0,4,1,2021,0,5.0,2.0,3.0
2021-01-08,pedagogo,13,20.70384615384615,0.3246153846153846,1,0.0,0.0,0.0,0.07692307692307693,2,4,1,2021,0,15.0,2.0,1.0
2021-01-08,occupational therapy,36,20.208055555555557,0.1186111111111111,1,0.08333333333333333,0.1111111111111111,0.0,0.3333333333333333,1,4,1,2021,0,40.0,4.0,2.0
2021-01-08,physiotherapy,72,20.07611111111111,0.08805555555555555,1,0.16666666666666666,0.125,0.05555555555555555,0.2777777777777778,3,4,1,2021,0,82.0,9.0,2.0
2021-01-08,psychotherapy,105,20.27904761904762,0.23342857142857143,1,0.0761904761904762,0.0761904761904762,0.047619047619047616,0.3333333333333333,4,4,1,2021,0,104.0,9.0,2.0
2021-01-08,speech therapy,86,20.832093023255812,0.1405813953488372,1,0.06976744186046512,0.05813953488372093,0.023255813953488372,0.37209302325581395,5,4,1,2021,0,99.0,10.0,9.0
2021-01-11,enf,3,22.023333333333337,0.04666666666666667,1,0.6666666666666666,0.3333333333333333,0.0,0.3333333333333333,0,0,1,2021,0,2.0,1.0,8.0
2021-01-11,occupational therapy,13,21.636153846153846,0.21538461538461537,1,0.07692307692307693,0.0,0.0,0.23076923076923078,1,0,1,2021,0,8.0,6.0,4.0
2021-01-11,speech therapy,51,20.153333333333332,0.2131372549019608,1,0.0784313725490196,0.09803921568627451,0.0196078431372549,0.3333333333333333,5,0,1,2021,0,25.0,13.0,10.0
2021-01-11,physiotherapy,35,20.33514285714286,0.11428571428571428,1,0.17142857142857143,0.11428571428571428,0.0,0.2857142857142857,3,0,1,2021,0,21.0,26.0,8.0
2021-01-11,pedagogo,6,20.176666666666666,0.04666666666666667,1,0.0,0.0,0.0,0.0,2,0,1,2021,0,4.0,2.0,3.0
2021-01-11,psychotherapy,35,20.205142857142857,0.19085714285714284,1,0.08571428571428572,0.08571428571428572,0.02857142857142857,0.34285714285714286,4,0,1,2021,0,22.0,23.0,9.0
2021-01-12,occupational therapy,14,21.053571428571427,0.1571428571428571,1,0.0,0.0,0.0,0.42857142857142855,1,1,1,2021,0,13.0,37.0,4.0
2021-01-12,pedagogo,5,20.285999999999998,0.244,1,0.0,0.0,0.0,0.4,2,1,1,2021,0,6.0,14.0,6.0
2021-01-12,psychotherapy,41,19.47487804878049,0.2519512195121951,1,0.04878048780487805,0.07317073170731707,0.07317073170731707,0.24390243902439024,4,1,1,2021,0,35.0,74.0,14.0
2021-01-12,speech therapy,31,19.346129032258066,0.12161290322580645,1,0.03225806451612903,0.03225806451612903,0.03225806451612903,0.2903225806451613,5,1,1,2021,0,51.0,53.0,21.0
2021-01-12,enf,3,19.496666666666666,0.0033333333333333335,1,0.3333333333333333,0.3333333333333333,0.0,0.0,0,1,1,2021,0,3.0,2.0,1.0
2021-01-12,physiotherapy,34,20.953529411764706,0.15205882352941177,1,0.11764705882352941,0.08823529411764706,0.0,0.17647058823529413,3,1,1,2021,0,35.0,57.0,19.0
2021-01-13,enf,7,22.304285714285715,0.012857142857142859,1,0.2857142857142857,0.42857142857142855,0.14285714285714285,0.2857142857142857,0,2,1,2021,0,3.0,9.0,1.0
2021-01-13,psychotherapy,87,20.440919540229885,0.16367816091954024,1,0.034482758620689655,0.04597701149425287,0.022988505747126436,0.26436781609195403,4,2,1,2021,0,41.0,88.0,23.0
2021-01-13,occupational therapy,38,19.891052631578948,0.16236842105263158,1,0.05263157894736842,0.05263157894736842,0.05263157894736842,0.23684210526315788,1,2,1,2021,0,14.0,42.0,6.0
2021-01-13,physiotherapy,68,20.18720588235294,0.14779411764705883,1,0.1323529411764706,0.04411764705882353,0.10294117647058823,0.25,3,2,1,2021,0,34.0,56.0,12.0
2021-01-13,pedagogo,14,18.752142857142854,0.09857142857142856,1,0.0,0.0,0.0,0.35714285714285715,2,2,1,2021,0,5.0,16.0,7.0
2021-01-13,speech therapy,52,20.60923076923077,0.16846153846153847,1,0.057692307692307696,0.038461538461538464,0.019230769230769232,0.2692307692307692,5,2,1,2021,0,31.0,77.0,13.0
2021-01-14,speech therapy,19,20.490526315789474,0.14,1,0.0,0.0,0.05263157894736842,0.2631578947368421,5,3,1,2021,0,52.0,99.0,8.0
2021-01-14,occupational therapy,21,20.086666666666666,0.2757142857142857,1,0.09523809523809523,0.0,0.0,0.19047619047619047,1,3,1,2021,0,38.0,40.0,1.0
2021-01-14,physiotherapy,29,19.727931034482758,0.24724137931034482,1,0.1724137931034483,0.06896551724137931,0.06896551724137931,0.27586206896551724,3,3,1,2021,0,68.0,82.0,21.0
2021-01-14,pedagogo,7,20.15285714285714,0.038571428571428576,1,0.0,0.0,0.0,0.42857142857142855,2,3,1,2021,0,14.0,15.0,4.0
2021-01-14,psychotherapy,43,20.20488372093023,0.20488372093023258,1,0.11627906976744186,0.09302325581395349,0.09302325581395349,0.37209302325581395,4,3,1,2021,0,87.0,104.0,20.0
2021-01-14,enf,5,21.176,0.088,1,0.4,0.4,0.0,0.4,0,3,1,2021,0,7.0,5.0,1.0
2021-01-15,psychotherapy,77,20.39961038961039,0.142987012987013,1,0.025974025974025976,0.07792207792207792,0.025974025974025976,0.2597402597402597,4,4,1,2021,0,43.0,105.0,9.0
2021-01-15,occupational therapy,34,19.68235294117647,0.22323529411764706,1,0.08823529411764706,0.058823529411764705,0.029411764705882353,0.23529411764705882,1,4,1,2021,0,21.0,36.0,4.0
2021-01-15,pedagogo,7,18.51142857142857,0.17714285714285713,1,0.0,0.0,0.0,0.5714285714285714,2,4,1,2021,0,7.0,13.0,2.0
2021-01-15,physiotherapy,50,20.0656,0.2006,1,0.2,0.12,0.06,0.24,3,4,1,2021,0,29.0,72.0,9.0
2021-01-15,enf,8,20.535,0.32125,1,0.25,0.0,0.125,0.25,0,4,1,2021,0,5.0,8.0,2.0
2021-01-15,speech therapy,59,20.050169491525423,0.21338983050847457,1,0.05084745762711865,0.03389830508474576,0.01694915254237288,0.2542372881355932,5,4,1,2021,0,19.0,86.0,10.0
2021-01-18,occupational therapy,2,18.37,1.115,1,0.0,0.0,0.0,0.5,1,0,1,2021,0,5.0,13.0,6.0
2021-01-18,speech therapy,3,21.873333333333335,1.3166666666666667,1,0.0,0.0,0.0,0.3333333333333333,5,0,1,2021,0,12.0,51.0,13.0
2021-01-18,physiotherapy,1,20.6,0.0,1,0.0,0.0,0.0,1.0,3,0,1,2021,0,12.0,35.0,26.0
2021-01-18,psychotherapy,3,23.766666666666666,0.10000000000000002,1,0.0,0.0,0.0,0.6666666666666666,4,0,1,2021,0,20.0,35.0,23.0
2021-01-18,pedagogo,1,16.06,0.0,1,0.0,0.0,0.0,0.0,2,0,1,2021,0,2.0,6.0,2.0
2021-01-19,pedagogo,11,19.37181818181818,0.17727272727272728,1,0.0,0.0,0.0,0.09090909090909091,2,1,1,2021,0,1.0,5.0,14.0
2021-01-19,occupational therapy,36,19.37972222222222,0.21361111111111108,1,0.05555555555555555,0.0,0.08333333333333333,0.3611111111111111,1,1,1,2021,0,2.0,14.0,37.0
2021-01-19,psychotherapy,78,20.777179487179485,0.21051282051282053,1,0.07692307692307693,0.038461538461538464,0.0,0.3717948717948718,4,1,1,2021,0,3.0,41.0,74.0
2021-01-19,speech therapy,71,19.56169014084507,0.11619718309859155,1,0.08450704225352113,0.056338028169014086,0.028169014084507043,0.2535211267605634,5,1,1,2021,0,3.0,31.0,53.0
2021-01-19,physiotherapy,42,20.643333333333334,0.18833333333333332,1,0.14285714285714285,0.07142857142857142,0.047619047619047616,0.35714285714285715,3,1,1,2021,0,1.0,34.0,57.0
2021-01-19,enf,3,16.98,0.13333333333333333,1,0.0,0.3333333333333333,0.0,0.3333333333333333,0,1,1,2021,0,6.0,2.0,2.0
2021-01-20,physiotherapy,42,20.02857142857143,0.07357142857142857,1,0.19047619047619047,0.07142857142857142,0.0,0.42857142857142855,3,2,1,2021,0,42.0,68.0,56.0
2021-01-20,occupational therapy,21,20.125714285714285,0.21666666666666665,1,0.0,0.0,0.0,0.2857142857142857,1,2,1,2021,0,36.0,38.0,42.0
2021-01-20,speech therapy,42,21.350714285714286,0.364047619047619,1,0.11904761904761904,0.07142857142857142,0.0,0.35714285714285715,5,2,1,2021,0,71.0,52.0,77.0
2021-01-20,psychotherapy,55,20.869454545454545,0.20472727272727273,1,0.01818181818181818,0.0,0.0,0.2,4,2,1,2021,0,78.0,87.0,88.0
2021-01-20,pedagogo,4,19.299999999999997,0.0225,1,0.0,0.25,0.0,0.25,2,2,1,2021,0,11.0,14.0,16.0
2021-01-20,enf,2,22.925,0.0,1,0.0,0.0,0.0,0.5,0,2,1,2021,0,3.0,3.0,1.0
2021-01-21,physiotherapy,43,19.88139534883721,0.1727906976744186,1,0.20930232558139536,0.11627906976744186,0.09302325581395349,0.37209302325581395,3,3,1,2021,0,42.0,29.0,82.0
2021-01-21,enf,1,16.96,2.42,1,0.0,0.0,0.0,0.0,0,3,1,2021,0,2.0,3.0,2.0
2021-01-21,speech therapy,36,20.331944444444446,0.18305555555555555,1,0.05555555555555555,0.0,0.0,0.3055555555555556,5,3,1,2021,0,42.0,19.0,99.0
2021-01-21,pedagogo,10,20.675,0.5549999999999999,1,0.0,0.0,0.1,0.5,2,3,1,2021,0,4.0,7.0,15.0
2021-01-21,psychotherapy,47,19.731489361702128,0.14829787234042552,1,0.06382978723404255,0.0425531914893617,0.0,0.2978723404255319,4,3,1,2021,0,55.0,43.0,104.0
2021-01-21,occupational therapy,17,20.37235294117647,0.06999999999999999,1,0.0,0.058823529411764705,0.0,0.4117647058823529,1,3,1,2021,0,21.0,21.0,40.0
2021-01-22,occupational therapy,22,19.399090909090912,0.42,1,0.045454545454545456,0.0,0.0,0.4090909090909091,1,4,1,2021,0,17.0,34.0,36.0
2021-01-22,speech therapy,57,19.978947368421053,0.15824561403508772,1,0.03508771929824561,0.017543859649122806,0.0,0.24561403508771928,5,4,1,2021,0,36.0,59.0,86.0
2021-01-22,physiotherapy,59,20.26186440677966,0.19186440677966102,1,0.1694915254237288,0.11864406779661017,0.01694915254237288,0.23728813559322035,3,4,1,2021,0,43.0,50.0,72.0
2021-01-22,psychotherapy,81,20.327407407407406,0.15469135802469136,1,0.06172839506172839,0.04938271604938271,0.024691358024691357,0.3333333333333333,4,4,1,2021,0,47.0,77.0,105.0
2021-01-22,pedagogo,7,18.745714285714286,0.032857142857142856,1,0.0,0.0,0.0,0.14285714285714285,2,4,1,2021,0,10.0,7.0,13.0
2021-01-22,enf,4,19.455,0.085,1,0.0,0.5,0.0,0.25,0,4,1,2021,0,1.0,7.0,9.0
2021-01-25,psychotherapy,3,21.96666666666667,0.19999999999999998,1,0.0,0.0,0.0,1.0,4,0,1,2021,0,6.0,3.0,35.0
2021-01-25,occupational therapy,1,17.63,0.0,1,0.0,0.0,0.0,0.0,1,0,1,2021,0,2.0,2.0,13.0
2021-01-25,speech therapy,2,17.86,0.0,1,0.0,0.0,0.0,0.0,5,0,1,2021,0,11.0,3.0,51.0
2021-01-26,physiotherapy,116,20.31551724137931,0.20706896551724138,1,0.11206896551724138,0.08620689655172414,0.0,0.3620689655172414,3,1,1,2021,0,1.0,1.0,35.0
2021-01-26,psychotherapy,140,20.385357142857142,0.132,1,0.05,0.05,0.02857142857142857,0.2857142857142857,4,1,1,2021,0,3.0,78.0,41.0
2021-01-26,pedagogo,14,19.250714285714285,0.17357142857142857,1,0.0,0.0,0.0,0.2857142857142857,2,1,1,2021,0,1.0,1.0,6.0
2021-01-26,enf,5,21.582,0.182,1,0.2,0.0,0.2,0.2,0,1,1,2021,0,8.0,8.0,8.0
2021-01-26,speech therapy,121,20.548264462809918,0.17917355371900826,1,0.09090909090909091,0.06611570247933884,0.01652892561983471,0.3140495867768595,5,1,1,2021,0,2.0,71.0,31.0
2021-01-26,occupational therapy,69,20.58768115942029,0.2418840579710145,1,0.043478260869565216,0.057971014492753624,0.014492753623188406,0.2463768115942029,1,1,1,2021,0,1.0,36.0,14.0
2021-01-27,speech therapy,57,19.86421052631579,0.07280701754385965,1,0.05263157894736842,0.017543859649122806,0.03508771929824561,0.22807017543859648,5,2,1,2021,0,121.0,42.0,52.0
2021-01-27,pedagogo,9,21.11888888888889,0.1811111111111111,1,0.0,0.0,0.0,0.1111111111111111,2,2,1,2021,0,14.0,11.0,5.0
2021-01-27,psychotherapy,89,20.207528089887642,0.1197752808988764,1,0.0449438202247191,0.0449438202247191,0.033707865168539325,0.23595505617977527,4,2,1,2021,0,140.0,55.0,87.0
2021-01-27,physiotherapy,67,20.346716417910446,0.11611940298507463,1,0.08955223880597014,0.029850746268656716,0.014925373134328358,0.3582089552238806,3,2,1,2021,0,116.0,42.0,34.0
2021-01-27,enf,11,19.794545454545457,0.3336363636363637,1,0.09090909090909091,0.0,0.0,0.36363636363636365,0,2,1,2021,0,5.0,6.0,9.0
2021-01-27,occupational therapy,41,19.58439024390244,0.18219512195121954,1,0.04878048780487805,0.07317073170731707,0.024390243902439025,0.1951219512195122,1,2,1,2021,0,69.0,21.0,38.0
2021-01-28,occupational therapy,29,20.693103448275863,0.09862068965517243,1,0.10344827586206896,0.034482758620689655,0.0,0.27586206896551724,1,3,1,2021,0,41.0,17.0,21.0
2021-01-28,psychotherapy,93,20.003440860215054,0.15075268817204301,1,0.043010752688172046,0.043010752688172046,0.021505376344086023,0.25806451612903225,4,3,1,2021,0,89.0,47.0,43.0
2021-01-28,enf,9,21.44222222222222,0.17777777777777778,1,0.3333333333333333,0.2222222222222222,0.0,0.4444444444444444,0,3,1,2021,0,11.0,3.0,2.0
2021-01-28,physiotherapy,73,21.14712328767123,0.16561643835616438,1,0.1643835616438356,0.0958904109589041,0.0273972602739726,0.3972602739726027,3,3,1,2021,0,67.0,42.0,68.0
2021-01-28,pedagogo,12,21.234166666666667,0.16666666666666666,1,0.0,0.0,0.0,0.5,2,3,1,2021,0,9.0,4.0,14.0
2021-01-28,speech therapy,90,20.266666666666666,0.17522222222222222,1,0.044444444444444446,0.03333333333333333,0.03333333333333333,0.2222222222222222,5,3,1,2021,0,57.0,36.0,19.0
2021-01-29,occupational therapy,58,19.341379310344827,0.21310344827586206,1,0.034482758620689655,0.06896551724137931,0.0,0.3103448275862069,1,4,1,2021,0,29.0,22.0,34.0
2021-01-29,speech therapy,111,20.64666666666667,0.18774774774774775,1,0.04504504504504504,0.036036036036036036,0.009009009009009009,0.34234234234234234,5,4,1,2021,0,90.0,57.0,59.0
2021-01-29,enf,4,22.7275,0.0675,1,0.5,0.25,0.0,0.5,0,4,1,2021,0,9.0,2.0,3.0
2021-01-29,physiotherapy,98,19.505306122448978,0.13081632653061226,1,0.20408163265306123,0.16326530612244897,0.07142857142857142,0.3877551020408163,3,4,1,2021,0,73.0,43.0,29.0
2021-01-29,pedagogo,15,19.462,0.27666666666666667,1,0.0,0.0,0.0,0.4666666666666667,2,4,1,2021,0,12.0,10.0,7.0
2021-01-29,psychotherapy,162,20.215925925925927,0.2171604938271605,1,0.024691358024691357,0.030864197530864196,0.018518518518518517,0.25925925925925924,4,4,1,2021,0,93.0,81.0,77.0
2021-02-01,physiotherapy,12,21.425,0.4066666666666667,1,0.08333333333333333,0.16666666666666666,0.0,0.08333333333333333,3,0,2,2021,0,8.0,1.0,12.0
2021-02-01,speech therapy,3,20.676666666666666,0.5566666666666666,1,0.3333333333333333,0.0,0.0,0.0,5,0,2,2021,0,7.0,2.0,3.0
2021-02-01,psychotherapy,2,16.884999999999998,0.005,1,0.0,0.0,0.0,0.5,4,0,2,2021,0,6.0,3.0,3.0
2021-02-01,occupational therapy,1,24.99,0.0,1,0.0,0.0,0.0,1.0,1,0,2,2021,0,1.0,1.0,2.0
2021-02-01,pedagogo,1,17.42,0.24,1,0.0,0.0,0.0,0.0,2,0,2,2021,0,1.0,1.0,2.0
2021-02-02,pedagogo,13,21.422307692307694,0.29307692307692307,1,0.0,0.07692307692307693,0.0,0.0,2,1,2,2021,0,1.0,14.0,1.0
2021-02-02,enf,7,20.818571428571428,0.61,1,0.14285714285714285,0.0,0.0,0.14285714285714285,0,1,2,2021,0,1.0,8.0,5.0
2021-02-02,speech therapy,108,20.292314814814816,0.10518518518518517,1,0.037037037037037035,0.009259259259259259,0.009259259259259259,0.3888888888888889,5,1,2,2021,0,3.0,121.0,71.0
2021-02-02,physiotherapy,87,20.285287356321838,0.15333333333333332,1,0.22988505747126436,0.09195402298850575,0.034482758620689655,0.39080459770114945,3,1,2,2021,0,12.0,116.0,1.0
2021-02-02,occupational therapy,58,20.638793103448275,0.16379310344827586,1,0.034482758620689655,0.017241379310344827,0.05172413793103448,0.3793103448275862,1,1,2,2021,0,1.0,69.0,36.0
2021-02-02,psychotherapy,124,19.783548387096772,0.16346774193548386,1,0.016129032258064516,0.024193548387096774,0.016129032258064516,0.3387096774193548,4,1,2,2021,0,2.0,140.0,78.0
2021-02-03,psychotherapy,151,20.017549668874175,0.17284768211920531,1,0.059602649006622516,0.059602649006622516,0.033112582781456956,0.25165562913907286,4,2,2,2021,0,124.0,89.0,55.0
2021-02-03,enf,7,20.452857142857145,0.05857142857142857,1,0.5714285714285714,0.14285714285714285,0.14285714285714285,0.42857142857142855,0,2,2,2021,0,7.0,5.0,8.0
2021-02-03,speech therapy,88,20.641477272727272,0.12136363636363635,1,0.045454545454545456,0.06818181818181818,0.022727272727272728,0.3181818181818182,5,2,2,2021,0,108.0,57.0,42.0
2021-02-03,physiotherapy,98,19.96265306122449,0.15091836734693878,1,0.09183673469387756,0.07142857142857142,0.061224489795918366,0.3163265306122449,3,2,2,2021,0,87.0,67.0,42.0
2021-02-03,occupational therapy,61,20.049672131147542,0.19885245901639345,1,0.09836065573770492,0.08196721311475409,0.04918032786885246,0.2459016393442623,1,2,2,2021,0,58.0,41.0,21.0
2021-02-03,pedagogo,17,17.514117647058825,0.1452941176470588,1,0.0,0.0,0.0,0.29411764705882354,2,2,2,2021,0,13.0,9.0,11.0
2021-02-04,physiotherapy,89,20.42629213483146,0.13719101123595506,1,0.14606741573033707,0.12359550561797752,0.011235955056179775,0.29213483146067415,3,3,2,2021,0,98.0,73.0,42.0
2021-02-04,psychotherapy,145,20.706758620689655,0.16441379310344828,1,0.041379310344827586,0.04827586206896552,0.006896551724137931,0.3448275862068966,4,3,2,2021,0,151.0,93.0,47.0
2021-02-04,occupational therapy,43,20.17046511627907,0.08093023255813954,1,0.11627906976744186,0.06976744186046512,0.0,0.32558139534883723,1,3,2,2021,0,61.0,29.0,17.0
2021-02-04,enf,5,22.4,0.004,1,0.4,0.2,0.0,0.2,0,3,2,2021,0,7.0,11.0,6.0
2021-02-04,pedagogo,11,20.124545454545455,0.13363636363636364,1,0.0,0.18181818181818182,0.0,0.45454545454545453,2,3,2,2021,0,17.0,12.0,4.0
2021-02-04,speech therapy,103,19.86087378640777,0.18563106796116505,1,0.06796116504854369,0.019417475728155338,0.02912621359223301,0.2621359223300971,5,3,2,2021,0,88.0,90.0,36.0
2021-02-05,enf,10,18.051,0.15299999999999997,1,0.4,0.2,0.1,0.3,0,4,2,2021,0,5.0,9.0,3.0
2021-02-05,pedagogo,25,20.9824,0.4172,1,0.0,0.0,0.04,0.12,2,4,2,2021,0,11.0,15.0,10.0
2021-02-05,psychotherapy,174,20.5498275862069,0.15626436781609196,1,0.05172413793103448,0.040229885057471264,0.011494252873563218,0.28160919540229884,4,4,2,2021,0,145.0,162.0,81.0
2021-02-05,occupational therapy,60,19.799166666666668,0.14550000000000002,1,0.05,0.08333333333333333,0.0,0.26666666666666666,1,4,2,2021,0,43.0,58.0,22.0
2021-02-05,physiotherapy,150,20.326866666666668,0.15886666666666666,1,0.14666666666666667,0.1,0.02666666666666667,0.36666666666666664,3,4,2,2021,0,89.0,98.0,43.0
2021-02-05,speech therapy,121,21.290578512396692,0.22504132231404958,1,0.05785123966942149,0.03305785123966942,0.008264462809917356,0.2809917355371901,5,4,2,2021,0,103.0,111.0,57.0
2021-02-08,pedagogo,2,15.605,0.0,1,0.0,0.0,0.0,0.0,2,0,2,2021,0,1.0,1.0,1.0
2021-02-08,speech therapy,5,20.130000000000003,0.49399999999999994,1,0.0,0.0,0.0,0.2,5,0,2,2021,0,36.0,3.0,2.0
2021-02-08,occupational therapy,3,21.436666666666667,0.39999999999999997,1,0.0,0.0,0.0,0.6666666666666666,1,0,2,2021,0,5.0,1.0,1.0
2021-02-08,physiotherapy,5,20.845999999999997,0.004,1,0.2,0.2,0.0,0.6,3,0,2,2021,0,25.0,12.0,1.0
2021-02-08,psychotherapy,3,18.71666666666667,0.04,1,0.0,0.0,0.0,0.3333333333333333,4,0,2,2021,0,18.0,2.0,3.0
2021-02-09,speech therapy,70,20.316857142857145,0.14285714285714285,1,0.07142857142857142,0.04285714285714286,0.02857142857142857,0.3,5,1,2,2021,0,5.0,108.0,121.0
2021-02-09,psychotherapy,105,20.144285714285715,0.18771428571428572,1,0.05714285714285714,0.06666666666666667,0.02857142857142857,0.4,4,1,2,2021,0,3.0,124.0,140.0
2021-02-09,occupational therapy,54,19.88277777777778,0.11722222222222223,1,0.05555555555555555,0.037037037037037035,0.037037037037037035,0.2777777777777778,1,1,2,2021,0,3.0,58.0,69.0
2021-02-09,pedagogo,20,19.9855,0.22649999999999998,1,0.0,0.0,0.0,0.35,2,1,2,2021,0,2.0,13.0,14.0
2021-02-09,enf,7,18.952857142857145,0.1242857142857143,1,0.5714285714285714,0.42857142857142855,0.0,0.2857142857142857,0,1,2,2021,0,5.0,10.0,1.0
2021-02-09,physiotherapy,78,20.564230769230768,0.1512820512820513,1,0.11538461538461539,0.08974358974358974,0.0,0.358974358974359,3,1,2,2021,0,5.0,87.0,116.0
2021-02-10,psychotherapy,113,20.113008849557524,0.2129203539823009,1,0.04424778761061947,0.035398230088495575,0.008849557522123894,0.336283185840708,4,2,2,2021,0,105.0,151.0,89.0
2021-02-10,pedagogo,14,18.470714285714283,0.10571428571428572,1,0.0,0.0,0.0,0.14285714285714285,2,2,2,2021,0,20.0,17.0,9.0
2021-02-10,enf,2,20.84,0.05,1,0.5,0.5,1.0,0.0,0,2,2,2021,0,7.0,1.0,4.0
2021-02-10,occupational therapy,47,19.288936170212768,0.1672340425531915,1,0.0851063829787234,0.0425531914893617,0.02127659574468085,0.2553191489361702,1,2,2,2021,0,54.0,61.0,41.0
2021-02-10,speech therapy,94,20.661702127659574,0.2129787234042553,1,0.07446808510638298,0.05319148936170213,0.031914893617021274,0.39361702127659576,5,2,2,2021,0,70.0,88.0,57.0
2021-02-10,physiotherapy,91,20.587142857142858,0.16945054945054944,1,0.18681318681318682,0.0989010989010989,0.06593406593406594,0.37362637362637363,3,2,2,2021,0,78.0,98.0,67.0
2021-02-11,speech therapy,76,19.969473684210527,0.11421052631578947,1,0.039473684210526314,0.06578947368421052,0.013157894736842105,0.2631578947368421,5,3,2,2021,0,94.0,103.0,90.0
2021-02-11,psychotherapy,99,19.973636363636366,0.20434343434343435,1,0.010101010101010102,0.030303030303030304,0.020202020202020204,0.29292929292929293,4,3,2,2021,0,113.0,145.0,93.0
2021-02-11,occupational therapy,46,20.188478260869566,0.10521739130434782,1,0.021739130434782608,0.043478260869565216,0.043478260869565216,0.21739130434782608,1,3,2,2021,0,47.0,43.0,29.0
2021-02-11,pedagogo,14,20.382857142857144,0.19214285714285714,1,0.07142857142857142,0.07142857142857142,0.07142857142857142,0.07142857142857142,2,3,2,2021,0,14.0,11.0,12.0
2021-02-11,physiotherapy,62,20.335483870967742,0.11016129032258065,1,0.08064516129032258,0.08064516129032258,0.04838709677419355,0.2903225806451613,3,3,2,2021,0,91.0,89.0,73.0
2021-02-11,enf,7,20.145714285714288,0.1357142857142857,1,0.2857142857142857,0.2857142857142857,0.14285714285714285,0.0,0,3,2,2021,0,2.0,7.0,8.0
2021-02-12,pedagogo,15,18.960666666666665,0.1633333333333333,1,0.0,0.06666666666666667,0.0,0.26666666666666666,2,4,2,2021,0,14.0,25.0,15.0
2021-02-12,enf,5,21.791999999999998,0.364,1,0.4,0.0,0.0,0.8,0,4,2,2021,0,7.0,7.0,5.0
2021-02-12,physiotherapy,113,20.082389380530973,0.12451327433628319,1,0.168141592920354,0.10619469026548672,0.035398230088495575,0.3008849557522124,3,4,2,2021,0,62.0,150.0,98.0
2021-02-12,occupational therapy,65,20.158,0.20753846153846153,1,0.09230769230769231,0.06153846153846154,0.03076923076923077,0.3076923076923077,1,4,2,2021,0,46.0,60.0,58.0
2021-02-12,psychotherapy,153,20.421830065359476,0.18888888888888888,1,0.0196078431372549,0.032679738562091505,0.013071895424836602,0.27450980392156865,4,4,2,2021,0,99.0,174.0,162.0
2021-02-12,speech therapy,133,19.78548872180451,0.14654135338345864,1,0.03759398496240601,0.03007518796992481,0.007518796992481203,0.3007518796992481,5,4,2,2021,0,76.0,121.0,111.0
2021-02-15,speech therapy,1,22.02,0.11,1,0.0,0.0,0.0,1.0,5,0,2,2021,0,11.0,5.0,3.0
2021-02-15,physiotherapy,2,19.055,0.8999999999999999,1,0.0,0.0,0.0,1.0,3,0,2,2021,0,6.0,5.0,12.0
2021-02-15,pedagogo,1,23.28,0.17,1,0.0,0.0,1.0,0.0,2,0,2,2021,0,17.0,1.0,1.0
2021-02-15,psychotherapy,1,22.11,0.07,1,0.0,0.0,0.0,0.0,4,0,2,2021,0,8.0,3.0,2.0
2021-02-16,physiotherapy,105,20.01219047619048,0.17038095238095238,1,0.17142857142857143,0.14285714285714285,0.05714285714285714,0.3142857142857143,3,1,2,2021,0,2.0,78.0,87.0
2021-02-16,occupational therapy,57,20.532456140350874,0.25596491228070173,1,0.05263157894736842,0.10526315789473684,0.05263157894736842,0.3684210526315789,1,1,2,2021,0,7.0,3.0,1.0
2021-02-16,psychotherapy,141,19.778156028368794,0.16929078014184398,1,0.0425531914893617,0.028368794326241134,0.02127659574468085,0.28368794326241137,4,1,2,2021,0,1.0,105.0,124.0
2021-02-16,pedagogo,19,18.27052631578947,0.2715789473684211,1,0.0,0.0,0.0,0.2631578947368421,2,1,2,2021,0,1.0,2.0,1.0
2021-02-16,enf,11,21.94818181818182,0.18454545454545457,1,0.36363636363636365,0.18181818181818182,0.0,0.2727272727272727,0,1,2,2021,0,1.0,5.0,4.0
2021-02-16,speech therapy,115,20.163652173913047,0.13452173913043478,1,0.06956521739130435,0.06086956521739131,0.034782608695652174,0.26956521739130435,5,1,2,2021,0,1.0,70.0,108.0
2021-02-17,enf,9,22.54111111111111,0.4722222222222222,1,0.2222222222222222,0.0,0.0,0.4444444444444444,0,2,2,2021,0,11.0,7.0,10.0
2021-02-17,occupational therapy,47,20.68468085106383,0.15659574468085105,1,0.0425531914893617,0.0425531914893617,0.0425531914893617,0.23404255319148937,1,2,2,2021,0,57.0,54.0,58.0
2021-02-17,physiotherapy,108,19.902685185185184,0.1462037037037037,1,0.14814814814814814,0.046296296296296294,0.018518518518518517,0.2222222222222222,3,2,2,2021,0,105.0,91.0,98.0
2021-02-17,speech therapy,104,19.91346153846154,0.13759615384615384,1,0.04807692307692308,0.038461538461538464,0.019230769230769232,0.3173076923076923,5,2,2,2021,0,115.0,94.0,88.0
2021-02-17,psychotherapy,127,20.30236220472441,0.2577165354330708,1,0.10236220472440945,0.05511811023622047,0.007874015748031496,0.2755905511811024,4,2,2,2021,0,141.0,113.0,151.0
2021-02-17,pedagogo,14,17.782857142857143,0.2642857142857143,1,0.0,0.0,0.0,0.21428571428571427,2,2,2,2021,0,19.0,20.0,13.0
2021-02-18,physiotherapy,80,19.795625,0.20875,1,0.1375,0.175,0.0125,0.275,3,3,2,2021,0,108.0,62.0,89.0
2021-02-18,psychotherapy,138,20.12086956521739,0.22108695652173915,1,0.028985507246376812,0.043478260869565216,0.014492753623188406,0.36231884057971014,4,3,2,2021,0,127.0,99.0,145.0
2021-02-18,speech therapy,78,20.271410256410256,0.1464102564102564,1,0.05128205128205128,0.038461538461538464,0.0,0.2692307692307692,5,3,2,2021,0,104.0,76.0,103.0
2021-02-18,pedagogo,13,20.643846153846155,0.15846153846153846,1,0.0,0.0,0.0,0.3076923076923077,2,3,2,2021,0,14.0,14.0,17.0
2021-02-18,enf,5,23.074,0.312,1,0.4,0.0,0.2,0.4,0,3,2,2021,0,9.0,2.0,1.0
2021-02-18,occupational therapy,43,19.91906976744186,0.1741860465116279,1,0.09302325581395349,0.06976744186046512,0.046511627906976744,0.32558139534883723,1,3,2,2021,0,47.0,47.0,61.0
2021-02-19,occupational therapy,84,19.739642857142854,0.20630952380952383,1,0.023809523809523808,0.023809523809523808,0.011904761904761904,0.3333333333333333,1,4,2,2021,0,43.0,46.0,43.0
2021-02-19,enf,9,20.694444444444443,0.11555555555555556,1,0.2222222222222222,0.2222222222222222,0.2222222222222222,0.3333333333333333,0,4,2,2021,0,5.0,7.0,7.0
2021-02-19,psychotherapy,200,20.13345,0.15595,1,0.045,0.025,0.02,0.28,4,4,2,2021,0,138.0,153.0,174.0
2021-02-19,pedagogo,21,19.91904761904762,0.13904761904761903,1,0.0,0.0,0.0,0.2857142857142857,2,4,2,2021,0,13.0,14.0,11.0
2021-02-19,physiotherapy,156,20.31852564102564,0.15051282051282053,1,0.14102564102564102,0.11538461538461539,0.04487179487179487,0.34615384615384615,3,4,2,2021,0,80.0,113.0,150.0
2021-02-19,speech therapy,134,20.42634328358209,0.12776119402985076,1,0.08208955223880597,0.06716417910447761,0.029850746268656716,0.35074626865671643,5,4,2,2021,0,78.0,133.0,121.0
2021-02-22,pedagogo,1,18.59,0.0,1,0.0,0.0,0.0,0.0,2,0,2,2021,0,4.0,1.0,1.0
2021-02-22,occupational therapy,2,17.52,0.025,1,0.0,0.5,0.5,0.0,1,0,2,2021,0,3.0,7.0,5.0
2021-02-22,physiotherapy,2,20.619999999999997,0.12000000000000001,1,0.0,0.5,0.0,0.0,3,0,2,2021,0,9.0,2.0,5.0
2021-02-22,speech therapy,2,19.165,0.075,1,0.0,0.0,0.0,0.0,5,0,2,2021,0,13.0,1.0,5.0
2021-02-22,psychotherapy,4,21.697499999999998,0.6,1,0.0,0.0,0.0,0.25,4,0,2,2021,0,11.0,1.0,3.0
2021-02-22,enf,1,19.66,0.0,1,0.0,0.0,0.0,1.0,0,0,2,2021,0,7.0,8.0,5.0
2021-02-23,enf,3,20.71666666666667,0.01,1,0.3333333333333333,0.0,0.3333333333333333,0.6666666666666666,0,1,2,2021,0,1.0,1.0,10.0
2021-02-23,physiotherapy,43,20.788139534883722,0.17348837209302326,1,0.11627906976744186,0.023255813953488372,0.046511627906976744,0.3488372093023256,3,1,2,2021,0,2.0,105.0,78.0
2021-02-23,occupational therapy,21,18.796666666666667,0.4561904761904762,1,0.09523809523809523,0.14285714285714285,0.0,0.23809523809523808,1,1,2,2021,0,2.0,57.0,3.0
2021-02-23,pedagogo,8,19.9,0.15125,1,0.0,0.0,0.0,0.25,2,1,2,2021,0,1.0,19.0,2.0
2021-02-23,speech therapy,44,20.424090909090907,0.19749999999999998,1,0.045454545454545456,0.045454545454545456,0.0,0.3181818181818182,5,1,2,2021,0,2.0,115.0,70.0
2021-02-23,psychotherapy,57,19.5719298245614,0.24947368421052632,1,0.05263157894736842,0.03508771929824561,0.0,0.2807017543859649,4,1,2,2021,0,4.0,141.0,105.0
2021-02-24,psychotherapy,33,20.547575757575757,0.22272727272727272,1,0.030303030303030304,0.06060606060606061,0.030303030303030304,0.3333333333333333,4,2,2,2021,0,57.0,127.0,113.0
2021-02-24,occupational therapy,14,20.34357142857143,0.07142857142857142,1,0.0,0.07142857142857142,0.0,0.35714285714285715,1,2,2,2021,0,21.0,47.0,54.0
2021-02-24,speech therapy,21,20.47,0.07571428571428572,1,0.047619047619047616,0.0,0.0,0.3333333333333333,5,2,2,2021,0,44.0,104.0,94.0
2021-02-24,physiotherapy,21,20.412857142857142,0.15666666666666665,1,0.19047619047619047,0.047619047619047616,0.047619047619047616,0.2857142857142857,3,2,2,2021,0,43.0,108.0,91.0
2021-02-24,enf,3,18.736666666666665,0.11666666666666668,1,0.3333333333333333,0.3333333333333333,0.0,0.3333333333333333,0,2,2,2021,0,3.0,11.0,5.0
2021-02-24,pedagogo,2,17.78,0.065,1,0.0,0.0,0.0,0.0,2,2,2,2021,0,8.0,14.0,20.0
2021-02-25,pedagogo,7,19.75857142857143,0.18571428571428572,1,0.0,0.0,0.0,0.14285714285714285,2,3,2,2021,0,2.0,13.0,14.0
2021-02-25,occupational therapy,24,19.944583333333334,0.23916666666666667,1,0.08333333333333333,0.041666666666666664,0.0,0.375,1,3,2,2021,0,14.0,43.0,47.0
2021-02-25,psychotherapy,59,20.72813559322034,0.10864406779661018,1,0.05084745762711865,0.03389830508474576,0.03389830508474576,0.3389830508474576,4,3,2,2021,0,33.0,138.0,99.0
2021-02-25,physiotherapy,55,20.903636363636366,0.21509090909090908,1,0.16363636363636364,0.05454545454545454,0.05454545454545454,0.3090909090909091,3,3,2,2021,0,21.0,80.0,62.0
2021-02-25,enf,5,16.118000000000002,0.041999999999999996,1,0.0,0.2,0.0,0.2,0,3,2,2021,0,3.0,9.0,7.0
2021-02-25,speech therapy,41,20.351219512195122,0.20121951219512196,1,0.04878048780487805,0.07317073170731707,0.024390243902439025,0.36585365853658536,5,3,2,2021,0,21.0,78.0,76.0
2021-02-26,enf,6,19.525000000000002,0.17500000000000002,1,0.3333333333333333,0.6666666666666666,0.0,0.0,0,4,2,2021,0,5.0,5.0,2.0
2021-02-26,psychotherapy,102,20.631078431372547,0.06882352941176471,1,0.0784313725490196,0.0392156862745098,0.0196078431372549,0.30392156862745096,4,4,2,2021,0,59.0,200.0,153.0
2021-02-26,occupational therapy,30,21.432666666666666,0.29733333333333334,1,0.06666666666666667,0.0,0.03333333333333333,0.3333333333333333,1,4,2,2021,0,24.0,84.0,46.0
2021-02-26,pedagogo,11,20.86818181818182,0.31363636363636366,1,0.0,0.0,0.0,0.36363636363636365,2,4,2,2021,0,7.0,21.0,14.0
2021-02-26,speech therapy,72,20.55388888888889,0.17763888888888887,1,0.05555555555555555,0.041666666666666664,0.05555555555555555,0.2638888888888889,5,4,2,2021,0,41.0,134.0,133.0
2021-02-26,physiotherapy,59,19.297457627118643,0.10372881355932204,1,0.2033898305084746,0.11864406779661017,0.05084745762711865,0.2542372881355932,3,4,2,2021,0,55.0,156.0,113.0
2021-03-01,enf,1,22.59,0.01,1,0.0,0.0,0.0,1.0,0,0,3,2021,0,2.0,1.0,8.0
2021-03-01,pedagogo,6,21.23333333333333,0.0033333333333333335,1,0.0,0.0,0.0,0.5,2,0,3,2021,0,2.0,1.0,1.0
2021-03-01,speech therapy,31,20.094193548387096,0.08612903225806451,1,0.06451612903225806,0.12903225806451613,0.03225806451612903,0.1935483870967742,5,0,3,2021,0,9.0,2.0,1.0
2021-03-01,physiotherapy,24,19.399166666666666,0.24875,1,0.08333333333333333,0.125,0.041666666666666664,0.16666666666666666,3,0,3,2021,0,5.0,2.0,2.0
2021-03-01,psychotherapy,25,19.7552,0.16399999999999998,1,0.0,0.0,0.0,0.32,4,0,3,2021,0,12.0,4.0,1.0
2021-03-01,occupational therapy,10,19.713,0.062,1,0.0,0.0,0.0,0.2,1,0,3,2021,0,2.0,2.0,7.0
2021-03-02,speech therapy,11,18.955454545454543,0.18636363636363634,1,0.09090909090909091,0.0,0.09090909090909091,0.36363636363636365,5,1,3,2021,0,31.0,44.0,115.0
2021-03-02,pedagogo,1,23.4,0.01,1,0.0,0.0,0.0,0.0,2,1,3,2021,0,6.0,8.0,19.0
2021-03-02,psychotherapy,20,18.669,0.08549999999999999,1,0.05,0.0,0.0,0.25,4,1,3,2021,0,25.0,57.0,141.0
2021-03-02,physiotherapy,13,20.51923076923077,0.07923076923076923,1,0.23076923076923078,0.15384615384615385,0.0,0.3076923076923077,3,1,3,2021,0,24.0,43.0,105.0
2021-03-02,occupational therapy,5,21.43,0.26,1,0.0,0.2,0.0,0.4,1,1,3,2021,0,10.0,21.0,57.0
2021-03-03,pedagogo,9,20.055555555555557,0.08222222222222222,1,0.0,0.1111111111111111,0.0,0.4444444444444444,2,2,3,2021,0,1.0,2.0,14.0
2021-03-03,occupational therapy,22,19.33818181818182,0.04090909090909091,1,0.0,0.09090909090909091,0.09090909090909091,0.36363636363636365,1,2,3,2021,0,5.0,14.0,47.0
2021-03-03,speech therapy,51,20.506470588235292,0.14333333333333334,1,0.0392156862745098,0.0,0.0,0.29411764705882354,5,2,3,2021,0,11.0,21.0,104.0
2021-03-03,physiotherapy,35,20.11342857142857,0.19942857142857143,1,0.08571428571428572,0.08571428571428572,0.02857142857142857,0.37142857142857144,3,2,3,2021,0,13.0,21.0,108.0
2021-03-03,psychotherapy,55,20.556181818181816,0.16654545454545455,1,0.03636363636363636,0.10909090909090909,0.01818181818181818,0.4,4,2,3,2021,0,20.0,33.0,127.0
2021-03-03,enf,2,17.59,0.215,1,0.0,0.0,0.0,1.0,0,2,3,2021,0,1.0,3.0,1.0
2021-03-04,occupational therapy,5,20.086,0.06,1,0.0,0.0,0.0,0.4,1,3,3,2021,0,22.0,24.0,43.0
2021-03-04,physiotherapy,18,20.089444444444446,0.031111111111111114,1,0.1111111111111111,0.1111111111111111,0.0,0.2777777777777778,3,3,3,2021,0,35.0,55.0,80.0
2021-03-04,psychotherapy,15,19.507333333333335,0.13466666666666666,1,0.0,0.06666666666666667,0.06666666666666667,0.4,4,3,3,2021,0,55.0,59.0,138.0
2021-03-04,speech therapy,12,21.659166666666664,0.0525,1,0.0,0.0,0.0,0.25,5,3,3,2021,0,51.0,41.0,78.0
2021-03-04,pedagogo,1,21.1,0.0,1,0.0,0.0,0.0,1.0,2,3,3,2021,0,9.0,7.0,13.0
2021-03-05,physiotherapy,19,20.45684210526316,0.1794736842105263,1,0.21052631578947367,0.15789473684210525,0.10526315789473684,0.42105263157894735,3,4,3,2021,0,18.0,59.0,156.0
2021-03-05,speech therapy,22,20.177727272727275,0.020454545454545454,1,0.09090909090909091,0.13636363636363635,0.045454545454545456,0.18181818181818182,5,4,3,2021,0,12.0,72.0,134.0
2021-03-05,pedagogo,1,24.87,0.01,1,0.0,0.0,0.0,0.0,2,4,3,2021,0,1.0,11.0,21.0
2021-03-05,occupational therapy,9,21.71777777777778,0.28111111111111114,1,0.1111111111111111,0.0,0.0,0.5555555555555556,1,4,3,2021,0,5.0,30.0,84.0
2021-03-05,psychotherapy,21,19.33095238095238,0.1661904761904762,1,0.047619047619047616,0.0,0.047619047619047616,0.19047619047619047,4,4,3,2021,0,15.0,102.0,200.0
2021-03-08,pedagogo,1,21.13,0.0,1,0.0,0.0,0.0,1.0,2,0,3,2021,0,1.0,6.0,1.0
2021-03-08,physiotherapy,5,22.974,0.078,1,0.4,0.0,0.0,0.0,3,0,3,2021,0,7.0,24.0,2.0
2021-03-08,occupational therapy,2,11.735,0.05,1,0.5,0.5,0.0,0.5,1,0,3,2021,0,4.0,10.0,2.0
2021-03-08,enf,1,14.33,0.0,1,0.0,0.0,0.0,1.0,0,0,3,2021,0,2.0,5.0,9.0
2021-03-08,psychotherapy,11,21.063636363636363,0.16363636363636364,1,0.0,0.09090909090909091,0.0,0.2727272727272727,4,0,3,2021,0,18.0,25.0,4.0
2021-03-08,speech therapy,7,21.66,0.1685714285714286,1,0.0,0.14285714285714285,0.0,0.14285714285714285,5,0,3,2021,0,15.0,31.0,2.0
2021-03-09,speech therapy,108,20.772129629629628,0.1487037037037037,1,0.037037037037037035,0.027777777777777776,0.027777777777777776,0.3425925925925926,5,1,3,2021,0,7.0,11.0,44.0
2021-03-09,physiotherapy,103,20.554660194174758,0.14339805825242719,1,0.13592233009708737,0.11650485436893204,0.02912621359223301,0.27184466019417475,3,1,3,2021,0,5.0,13.0,43.0
2021-03-09,enf,7,20.972857142857144,0.24571428571428572,1,0.0,0.2857142857142857,0.0,0.42857142857142855,0,1,3,2021,0,1.0,6.0,5.0
2021-03-09,psychotherapy,145,20.48193103448276,0.27965517241379306,1,0.041379310344827586,0.027586206896551724,0.006896551724137931,0.31724137931034485,4,1,3,2021,0,11.0,20.0,57.0
2021-03-09,pedagogo,19,20.018947368421053,0.24421052631578946,1,0.0,0.05263157894736842,0.0,0.2631578947368421,2,1,3,2021,0,1.0,1.0,8.0
2021-03-09,occupational therapy,61,20.459016393442624,0.16622950819672133,1,0.03278688524590164,0.03278688524590164,0.03278688524590164,0.36065573770491804,1,1,3,2021,0,2.0,5.0,21.0
2021-03-10,enf,7,19.34,0.48,1,0.2857142857142857,0.42857142857142855,0.42857142857142855,0.42857142857142855,0,2,3,2021,0,7.0,6.0,9.0
2021-03-10,physiotherapy,91,20.448901098901096,0.19527472527472528,1,0.14285714285714285,0.12087912087912088,0.03296703296703297,0.3956043956043956,3,2,3,2021,0,103.0,35.0,21.0
2021-03-10,occupational therapy,39,19.36230769230769,0.128974358974359,1,0.05128205128205128,0.07692307692307693,0.02564102564102564,0.3076923076923077,1,2,3,2021,0,61.0,22.0,14.0
2021-03-10,psychotherapy,114,20.09964912280702,0.247280701754386,1,0.07017543859649122,0.08771929824561403,0.02631578947368421,0.3157894736842105,4,2,3,2021,0,145.0,55.0,33.0
2021-03-10,pedagogo,14,20.032857142857143,0.21285714285714286,1,0.0,0.0,0.0,0.21428571428571427,2,2,3,2021,0,19.0,9.0,2.0
2021-03-10,speech therapy,90,20.731777777777776,0.2524444444444444,1,0.12222222222222222,0.07777777777777778,0.022222222222222223,0.4777777777777778,5,2,3,2021,0,108.0,51.0,21.0
2021-03-11,speech therapy,94,20.23904255319149,0.17244680851063832,1,0.0425531914893617,0.07446808510638298,0.010638297872340425,0.3404255319148936,5,3,3,2021,0,90.0,12.0,41.0
2021-03-11,enf,5,21.736,0.09,1,0.6,0.2,0.0,0.4,0,3,3,2021,0,7.0,2.0,7.0
2021-03-11,occupational therapy,46,19.577826086956524,0.10956521739130434,1,0.043478260869565216,0.06521739130434782,0.021739130434782608,0.2391304347826087,1,3,3,2021,0,39.0,5.0,24.0
2021-03-11,psychotherapy,101,19.913267326732672,0.17415841584158415,1,0.0297029702970297,0.0297029702970297,0.009900990099009901,0.24752475247524752,4,3,3,2021,0,114.0,15.0,59.0
2021-03-11,pedagogo,16,20.434375,0.031875,1,0.0,0.0,0.0,0.25,2,3,3,2021,0,14.0,1.0,7.0
2021-03-11,physiotherapy,89,20.964606741573032,0.14629213483146067,1,0.0898876404494382,0.07865168539325842,0.011235955056179775,0.2696629213483146,3,3,3,2021,0,91.0,18.0,55.0
2021-03-12,physiotherapy,54,19.70888888888889,0.155,1,0.2037037037037037,0.12962962962962962,0.07407407407407407,0.3333333333333333,3,4,3,2021,0,89.0,19.0,59.0
2021-03-12,enf,8,20.425,0.2275,1,0.625,0.375,0.125,0.25,0,4,3,2021,0,5.0,1.0,1.0
2021-03-12,occupational therapy,25,20.3784,0.2668,1,0.04,0.04,0.0,0.24,1,4,3,2021,0,46.0,9.0,30.0
2021-03-12,psychotherapy,91,20.52978021978022,0.17593406593406596,1,0.054945054945054944,0.04395604395604396,0.01098901098901099,0.2967032967032967,4,4,3,2021,0,101.0,21.0,102.0
2021-03-12,speech therapy,79,20.41784810126582,0.119873417721519,1,0.08860759493670886,0.05063291139240506,0.0379746835443038,0.3291139240506329,5,4,3,2021,0,94.0,22.0,72.0
2021-03-12,pedagogo,10,21.02,0.184,1,0.0,0.0,0.1,0.3,2,4,3,2021,0,16.0,1.0,11.0
2021-03-15,speech therapy,14,18.794999999999998,0.09285714285714286,1,0.0,0.0,0.0,0.14285714285714285,5,0,3,2021,0,8.0,7.0,31.0
2021-03-15,physiotherapy,16,19.9175,0.118125,1,0.125,0.125,0.0625,0.5,3,0,3,2021,0,5.0,5.0,24.0
2021-03-15,psychotherapy,34,21.235882352941175,0.13823529411764707,1,0.058823529411764705,0.058823529411764705,0.029411764705882353,0.47058823529411764,4,0,3,2021,0,7.0,11.0,25.0
2021-03-15,occupational therapy,11,19.16090909090909,0.11636363636363635,1,0.0,0.0,0.0,0.36363636363636365,1,0,3,2021,0,7.0,2.0,10.0
2021-03-15,pedagogo,3,21.51,0.18666666666666668,1,0.0,0.0,0.0,0.0,2,0,3,2021,0,4.0,1.0,6.0
2021-03-16,speech therapy,40,20.82125,0.15225,1,0.075,0.025,0.025,0.325,5,1,3,2021,0,14.0,108.0,11.0
2021-03-16,enf,3,19.046666666666667,0.04666666666666667,1,0.3333333333333333,0.0,0.0,0.3333333333333333,0,1,3,2021,0,2.0,1.0,5.0
2021-03-16,psychotherapy,57,20.348070175438593,0.20157894736842105,1,0.017543859649122806,0.03508771929824561,0.017543859649122806,0.42105263157894735,4,1,3,2021,0,34.0,145.0,20.0
2021-03-16,physiotherapy,33,19.49030303030303,0.04181818181818182,1,0.12121212121212122,0.15151515151515152,0.030303030303030304,0.3939393939393939,3,1,3,2021,0,16.0,103.0,13.0
2021-03-16,occupational therapy,22,20.09318181818182,0.195,1,0.0,0.0,0.045454545454545456,0.5454545454545454,1,1,3,2021,0,11.0,61.0,5.0
2021-03-16,pedagogo,2,16.215,0.0,1,0.0,0.0,0.0,0.5,2,1,3,2021,0,3.0,19.0,1.0
2021-03-17,enf,3,18.41333333333333,0.20333333333333334,1,0.3333333333333333,0.0,0.0,0.3333333333333333,0,2,3,2021,0,3.0,7.0,6.0
2021-03-17,physiotherapy,17,19.29470588235294,0.05529411764705882,1,0.35294117647058826,0.11764705882352941,0.058823529411764705,0.5882352941176471,3,2,3,2021,0,33.0,91.0,35.0
2021-03-17,occupational therapy,13,18.55,0.17538461538461542,1,0.07692307692307693,0.0,0.0,0.3076923076923077,1,2,3,2021,0,22.0,39.0,22.0
2021-03-17,speech therapy,24,19.620416666666667,0.08083333333333333,1,0.0,0.0,0.041666666666666664,0.2916666666666667,5,2,3,2021,0,40.0,90.0,51.0
2021-03-17,psychotherapy,43,20.34720930232558,0.20279069767441862,1,0.0,0.046511627906976744,0.0,0.3488372093023256,4,2,3,2021,0,57.0,114.0,55.0
2021-03-17,pedagogo,6,20.055,0.32,1,0.0,0.0,0.0,0.0,2,2,3,2021,0,2.0,14.0,9.0
2021-03-18,pedagogo,3,20.876666666666665,0.04,1,0.0,0.0,0.0,0.3333333333333333,2,3,3,2021,0,6.0,16.0,1.0
2021-03-18,occupational therapy,24,20.131249999999998,0.22958333333333333,1,0.125,0.041666666666666664,0.041666666666666664,0.2916666666666667,1,3,3,2021,0,13.0,46.0,5.0
2021-03-18,psychotherapy,60,19.908833333333334,0.2783333333333333,1,0.05,0.08333333333333333,0.016666666666666666,0.31666666666666665,4,3,3,2021,0,43.0,101.0,15.0
2021-03-18,physiotherapy,49,19.874897959183674,0.19612244897959183,1,0.12244897959183673,0.12244897959183673,0.02040816326530612,0.24489795918367346,3,3,3,2021,0,17.0,89.0,18.0
2021-03-18,speech therapy,52,20.209807692307695,0.17096153846153847,1,0.038461538461538464,0.038461538461538464,0.0,0.4230769230769231,5,3,3,2021,0,24.0,94.0,12.0
2021-03-18,enf,7,19.535714285714285,0.025714285714285717,1,0.14285714285714285,0.14285714285714285,0.0,0.2857142857142857,0,3,3,2021,0,3.0,7.0,6.0
2021-03-19,pedagogo,5,22.766,0.438,1,0.0,0.0,0.0,0.0,2,4,3,2021,0,3.0,10.0,1.0
2021-03-19,enf,1,18.51,0.07,1,0.0,0.0,0.0,1.0,0,4,3,2021,0,7.0,5.0,2.0
2021-03-19,occupational therapy,17,21.516470588235293,0.09588235294117647,1,0.058823529411764705,0.058823529411764705,0.0,0.4117647058823529,1,4,3,2021,0,24.0,25.0,9.0
2021-03-19,psychotherapy,30,19.004,0.24666666666666667,1,0.06666666666666667,0.06666666666666667,0.03333333333333333,0.36666666666666664,4,4,3,2021,0,60.0,91.0,21.0
2021-03-19,physiotherapy,26,19.32,0.14038461538461539,1,0.23076923076923078,0.07692307692307693,0.11538461538461539,0.5384615384615384,3,4,3,2021,0,49.0,54.0,19.0
2021-03-19,speech therapy,27,20.94814814814815,0.22518518518518518,1,0.14814814814814814,0.14814814814814814,0.07407407407407407,0.25925925925925924,5,4,3,2021,0,52.0,79.0,22.0
2021-03-22,psychotherapy,12,19.31416666666667,0.22083333333333333,1,0.0,0.0,0.0,0.4166666666666667,4,0,3,2021,0,1.0,34.0,11.0
2021-03-22,occupational therapy,3,19.650000000000002,0.0,1,0.3333333333333333,0.3333333333333333,0.3333333333333333,0.3333333333333333,1,0,3,2021,0,20.0,7.0,4.0
2021-03-22,speech therapy,13,20.348461538461535,0.3761538461538461,1,0.0,0.0,0.0,0.3076923076923077,5,0,3,2021,0,1.0,14.0,7.0
2021-03-22,enf,3,17.97,0.0,1,0.3333333333333333,0.3333333333333333,0.0,0.0,0,0,3,2021,0,1.0,2.0,2.0
2021-03-22,physiotherapy,9,19.316666666666666,0.07555555555555556,1,0.1111111111111111,0.0,0.0,0.2222222222222222,3,0,3,2021,0,1.0,16.0,5.0
2021-03-23,enf,11,17.945454545454545,0.03909090909090909,1,0.0,0.09090909090909091,0.0,0.36363636363636365,0,1,3,2021,0,3.0,3.0,1.0
2021-03-23,pedagogo,35,19.178,0.238,1,0.0,0.0,0.02857142857142857,0.08571428571428572,2,1,3,2021,0,7.0,4.0,1.0
2021-03-23,psychotherapy,162,20.50901234567901,0.21191358024691356,1,0.06790123456790123,0.018518518518518517,0.037037037037037035,0.3333333333333333,4,1,3,2021,0,12.0,57.0,145.0
2021-03-23,occupational therapy,69,20.21072463768116,0.1882608695652174,1,0.043478260869565216,0.043478260869565216,0.014492753623188406,0.3333333333333333,1,1,3,2021,0,3.0,11.0,2.0
2021-03-23,speech therapy,136,20.36889705882353,0.13492647058823531,1,0.051470588235294115,0.029411764705882353,0.007352941176470588,0.3088235294117647,5,1,3,2021,0,13.0,40.0,108.0
2021-03-23,physiotherapy,127,20.31771653543307,0.125748031496063,1,0.10236220472440945,0.08661417322834646,0.05511811023622047,0.29133858267716534,3,1,3,2021,0,9.0,33.0,103.0
2021-03-24,speech therapy,35,20.84914285714286,0.05285714285714286,1,0.05714285714285714,0.0,0.05714285714285714,0.3142857142857143,5,2,3,2021,0,136.0,24.0,90.0
2021-03-24,occupational therapy,25,19.3604,0.24919999999999998,1,0.12,0.16,0.08,0.36,1,2,3,2021,0,69.0,22.0,61.0
2021-03-24,psychotherapy,38,20.746315789473684,0.15447368421052632,1,0.05263157894736842,0.07894736842105263,0.02631578947368421,0.21052631578947367,4,2,3,2021,0,162.0,43.0,114.0
2021-03-24,pedagogo,8,22.24,0.18375,1,0.0,0.0,0.0,0.375,2,2,3,2021,0,35.0,3.0,1.0
2021-03-24,physiotherapy,39,19.88769230769231,0.17051282051282052,1,0.10256410256410256,0.07692307692307693,0.07692307692307693,0.23076923076923078,3,2,3,2021,0,127.0,17.0,91.0
2021-03-24,enf,4,16.9125,0.0,1,0.5,0.25,0.0,0.25,0,2,3,2021,0,11.0,3.0,7.0
2021-03-25,enf,8,21.17875,0.19624999999999998,1,0.125,0.125,0.125,0.25,0,3,3,2021,0,4.0,7.0,7.0
2021-03-25,psychotherapy,77,20.15064935064935,0.12000000000000001,1,0.07792207792207792,0.025974025974025976,0.025974025974025976,0.2597402597402597,4,3,3,2021,0,38.0,60.0,101.0
2021-03-25,speech therapy,64,20.978437500000002,0.1284375,1,0.0625,0.0625,0.03125,0.3125,5,3,3,2021,0,35.0,52.0,94.0
2021-03-25,physiotherapy,67,20.273731343283583,0.17373134328358208,1,0.13432835820895522,0.11940298507462686,0.029850746268656716,0.40298507462686567,3,3,3,2021,0,39.0,49.0,89.0
2021-03-25,pedagogo,8,18.87125,0.03375,1,0.0,0.0,0.0,0.375,2,3,3,2021,0,8.0,2.0,19.0
2021-03-25,occupational therapy,37,20.05918918918919,0.1791891891891892,1,0.08108108108108109,0.05405405405405406,0.02702702702702703,0.35135135135135137,1,3,3,2021,0,25.0,13.0,39.0
2021-03-26,psychotherapy,46,19.96608695652174,0.4732608695652174,1,0.0,0.043478260869565216,0.021739130434782608,0.391304347826087,4,4,3,2021,0,77.0,30.0,91.0
2021-03-26,pedagogo,8,20.24375,0.025,1,0.0,0.125,0.0,0.125,2,4,3,2021,0,8.0,6.0,14.0
2021-03-26,speech therapy,30,19.93166666666667,0.24633333333333332,1,0.03333333333333333,0.03333333333333333,0.06666666666666667,0.26666666666666666,5,4,3,2021,0,64.0,27.0,79.0
2021-03-26,occupational therapy,18,20.773333333333333,0.22277777777777777,1,0.16666666666666666,0.16666666666666666,0.05555555555555555,0.4444444444444444,1,4,3,2021,0,37.0,24.0,46.0
2021-03-26,physiotherapy,48,20.25166666666667,0.21645833333333334,1,0.16666666666666666,0.0625,0.020833333333333332,0.375,3,4,3,2021,0,67.0,26.0,54.0
2021-03-29,enf,11,20.305454545454545,0.25,1,0.36363636363636365,0.2727272727272727,0.18181818181818182,0.18181818181818182,0,0,3,2021,0,5.0,2.0,8.0
2021-03-29,psychotherapy,264,20.122272727272726,0.18393939393939396,1,0.03409090909090909,0.03409090909090909,0.030303030303030304,0.29924242424242425,4,0,3,2021,0,95.0,1.0,7.0
2021-03-29,speech therapy,193,20.41222797927461,0.14870466321243522,1,0.046632124352331605,0.04145077720207254,0.010362694300518135,0.31088082901554404,5,0,3,2021,0,89.0,1.0,8.0
2021-03-29,occupational therapy,97,19.417731958762886,0.1665979381443299,1,0.061855670103092786,0.061855670103092786,0.010309278350515464,0.3402061855670103,1,0,3,2021,0,41.0,20.0,89.0
2021-03-29,pedagogo,21,19.08142857142857,0.15952380952380954,1,0.0,0.0,0.0,0.2857142857142857,2,0,3,2021,0,14.0,5.0,10.0
2021-03-29,physiotherapy,209,19.526555023923446,0.13315789473684211,1,0.15789473684210525,0.11483253588516747,0.023923444976076555,0.32057416267942584,3,0,3,2021,0,74.0,1.0,5.0
2021-03-30,speech therapy,139,20.037913669064746,0.1937410071942446,1,0.04316546762589928,0.04316546762589928,0.014388489208633094,0.35251798561151076,5,1,3,2021,0,193.0,13.0,14.0
2021-03-30,physiotherapy,129,19.87434108527132,0.16511627906976745,1,0.17829457364341086,0.13178294573643412,0.06976744186046512,0.31007751937984496,3,1,3,2021,0,209.0,9.0,16.0
2021-03-30,enf,10,20.621000000000002,0.509,1,0.3,0.1,0.1,0.2,0,1,3,2021,0,11.0,1.0,12.0
2021-03-30,pedagogo,21,19.594761904761906,0.40380952380952384,1,0.0,0.0,0.0,0.3333333333333333,2,1,3,2021,0,21.0,7.0,34.0
2021-03-30,psychotherapy,203,20.441576354679803,0.2058128078817734,1,0.04433497536945813,0.024630541871921183,0.029556650246305417,0.3251231527093596,4,1,3,2021,0,264.0,12.0,34.0
2021-03-30,occupational therapy,97,19.633505154639177,0.1958762886597938,1,0.08247422680412371,0.061855670103092786,0.020618556701030927,0.25773195876288657,1,1,3,2021,0,97.0,3.0,7.0
2021-03-31,occupational therapy,90,20.840222222222224,0.23199999999999998,1,0.044444444444444446,0.05555555555555555,0.011111111111111112,0.37777777777777777,1,2,3,2021,0,97.0,69.0,11.0
2021-03-31,physiotherapy,151,20.02801324503311,0.18602649006622515,1,0.152317880794702,0.08609271523178808,0.006622516556291391,0.33774834437086093,3,2,3,2021,0,129.0,127.0,33.0
2021-03-31,speech therapy,179,20.405251396648044,0.18005586592178768,1,0.05027932960893855,0.05027932960893855,0.0446927374301676,0.3016759776536313,5,2,3,2021,0,139.0,136.0,40.0
2021-03-31,pedagogo,31,20.471612903225807,0.1464516129032258,1,0.0,0.03225806451612903,0.0,0.3548387096774194,2,2,3,2021,0,21.0,35.0,4.0
2021-03-31,psychotherapy,227,20.21955947136564,0.14718061674008812,1,0.048458149779735685,0.030837004405286344,0.01762114537444934,0.29955947136563876,4,2,3,2021,0,203.0,162.0,57.0
2021-03-31,enf,14,19.67214285714286,0.08642857142857142,1,0.14285714285714285,0.14285714285714285,0.0,0.21428571428571427,0,2,3,2021,0,10.0,3.0,2.0
